student_id,school_code,attendance_date,attendance_status,absence_type,source_system,extract_ts
101129,ELM06,2025-10-06,P,,SIS,2026-06-01T02:15:00
100501,ELM03,2026-03-03,P,,SIS,2026-06-01T02:15:00
100816,ELM04,2025-10-02,P,,SIS,2026-06-01T02:15:00
100321,ELM02,2025-08-15,A,Unexcused,SIS,2026-06-01T02:15:00
102299,HIG02,2025-09-12,P,,SIS,2026-06-01T02:15:00
101295,MID01,2026-01-06,P,,SIS,2026-06-01T02:15:00
102150,HIG01,2026-03-30,P,,SIS,2026-06-01T02:15:00
100613,ELM03,2025-11-10,P,,SIS,2026-06-01T02:15:00
101947,HIG01,2026-01-06,A,Unexcused,SIS,2026-06-01T02:15:00
101149,ELM06,2026-03-10,P,,SIS,2026-06-01T02:15:00
102142,HIG01,2026-05-08,A,Unexcused,SIS,2026-06-01T02:15:00
100733,ELM04,2025-12-15,P,,SIS,2026-06-01T02:15:00
102043,HIG01,2025-10-02,P,,SIS,2026-06-01T02:15:00
101382,MID01,2026-04-14,P,,SIS,2026-06-01T02:15:00
101782,MID03,2025-12-19,P,,SIS,2026-06-01T02:15:00
101434,MID01,2026-02-09,P,,SIS,2026-06-01T02:15:00
101946,HIG01,2025-08-06,P,,SIS,2026-06-01T02:15:00
102014,HIG01,2026-03-16,P,,SIS,2026-06-01T02:15:00
100753,ELM04,2026-03-16,P,,SIS,2026-06-01T02:15:00
101537,MID02,2025-11-20,P,,SIS,2026-06-01T02:15:00
102163,HIG01,2026-03-06,P,,SIS,2026-06-01T02:15:00
100592,ELM03,2026-03-24,P,,SIS,2026-06-01T02:15:00
100370,ELM02,2026-02-13,P,,SIS,2026-06-01T02:15:00
102156,HIG01,2026-03-25,P,,SIS,2026-06-01T02:15:00
100316,ELM02,2025-11-18,P,,SIS,2026-06-01T02:15:00
100009,ELM01,2025-12-01,P,,SIS,2026-06-01T02:15:00
102092,HIG01,2025-08-08,P,,SIS,2026-06-01T02:15:00
101996,HIG01,2025-10-23,P,,SIS,2026-06-01T02:15:00
102230,HIG02,2026-03-10,P,,SIS,2026-06-01T02:15:00
101522,MID02,2025-12-02,P,,SIS,2026-06-01T02:15:00
101580,MID02,2026-05-15,P,,SIS,2026-06-01T02:15:00
100724,ELM04,2026-02-24,P,,SIS,2026-06-01T02:15:00
101398,MID01,2026-03-06,P,,SIS,2026-06-01T02:15:00
101777,MID03,2025-10-08,P,,SIS,2026-06-01T02:15:00
100453,ELM02,2025-11-21,P,,SIS,2026-06-01T02:15:00
100558,ELM03,2025-08-22,P,,SIS,2026-06-01T02:15:00
101023,ELM05,2026-03-13,P,,SIS,2026-06-01T02:15:00
102262,HIG02,2026-05-14,A,Excused,SIS,2026-06-01T02:15:00
102168,HIG01,2026-04-16,P,,SIS,2026-06-01T02:15:00
100835,ELM04,2025-10-31,P,,SIS,2026-06-01T02:15:00
101255,ELM06,2025-10-17,P,,SIS,2026-06-01T02:15:00
102375,HIG02,2026-01-30,P,,SIS,2026-06-01T02:15:00
100689,ELM04,2026-01-08,P,,SIS,2026-06-01T02:15:00
100953,ELM05,2025-09-23,P,,SIS,2026-06-01T02:15:00
100026,ELM01,2026-05-19,A,Unexcused,SIS,2026-06-01T02:15:00
100275,ELM02,2025-08-28,P,,SIS,2026-06-01T02:15:00
101759,MID03,2026-02-05,P,,SIS,2026-06-01T02:15:00
101918,HIG01,2026-04-02,P,,SIS,2026-06-01T02:15:00
101780,MID03,2025-10-01,P,,SIS,2026-06-01T02:15:00
100097,ELM01,2026-03-27,P,,SIS,2026-06-01T02:15:00
102064,HIG01,2025-10-07,P,,SIS,2026-06-01T02:15:00
101287,MID01,2026-04-24,P,,SIS,2026-06-01T02:15:00
102148,HIG01,2026-05-14,P,,SIS,2026-06-01T02:15:00
101480,MID01,2025-08-18,P,,SIS,2026-06-01T02:15:00
101262,ELM06,2025-10-03,P,,SIS,2026-06-01T02:15:00
102348,HIG02,2026-02-18,A,Excused,SIS,2026-06-01T02:15:00
102004,HIG01,2025-10-23,P,,SIS,2026-06-01T02:15:00
100320,ELM02,2025-10-22,P,,SIS,2026-06-01T02:15:00
101645,MID02,2026-01-16,P,,SIS,2026-06-01T02:15:00
100150,ELM01,2025-08-13,P,,SIS,2026-06-01T02:15:00
100793,ELM04,2025-12-03,P,,SIS,2026-06-01T02:15:00
100803,ELM04,2026-04-02,P,,SIS,2026-06-01T02:15:00
102207,HIG02,2025-09-29,P,,SIS,2026-06-01T02:15:00
101906,HIG01,2026-02-03,P,,SIS,2026-06-01T02:15:00
100946,ELM05,2026-03-23,P,,SIS,2026-06-01T02:15:00
102187,HIG02,2026-04-23,P,,SIS,2026-06-01T02:15:00
100756,ELM04,2025-11-04,T,,SIS,2026-06-01T02:15:00
100339,ELM02,2025-10-20,P,,SIS,2026-06-01T02:15:00
100939,ELM05,2025-08-19,P,,SIS,2026-06-01T02:15:00
100050,ELM01,2025-10-28,P,,SIS,2026-06-01T02:15:00
100778,ELM04,2025-09-18,T,,SIS,2026-06-01T02:15:00
101040,ELM05,2025-08-11,P,,SIS,2026-06-01T02:15:00
101437,MID01,2026-01-14,P,,SIS,2026-06-01T02:15:00
101286,MID01,2025-08-25,P,,SIS,2026-06-01T02:15:00
102150,HIG01,2026-04-23,P,,SIS,2026-06-01T02:15:00
102214,HIG02,2026-01-16,P,,SIS,2026-06-01T02:15:00
101712,MID03,2026-02-04,P,,SIS,2026-06-01T02:15:00
100477,ELM03,2025-10-29,P,,SIS,2026-06-01T02:15:00
101623,MID02,2025-08-21,P,,SIS,2026-06-01T02:15:00
100117,ELM01,2026-05-04,P,,SIS,2026-06-01T02:15:00
101233,ELM06,2026-03-16,P,,SIS,2026-06-01T02:15:00
100440,elm02 ,2026-02-20,P,,SIS,2026-06-01T02:15:00
101255,ELM06,2025-10-24,P,,SIS,2026-06-01T02:15:00
101999,HIG01,2026-05-12,P,,SIS,2026-06-01T02:15:00
100522,ELM03,2025-08-22,P,,SIS,2026-06-01T02:15:00
101418,MID01,2026-03-24,P,,SIS,2026-06-01T02:15:00
101450,MID01,2025-11-07,A,Excused,SIS,2026-06-01T02:15:00
101027,ELM05,2026-04-16,P,,SIS,2026-06-01T02:15:00
101642,MID02,2025-12-10,P,,SIS,2026-06-01T02:15:00
100145,ELM01,2026-03-24,P,,SIS,2026-06-01T02:15:00
100456,ELM02,2025-09-15,T,,SIS,2026-06-01T02:15:00
101371,MID01,2026-01-30,P,,SIS,2026-06-01T02:15:00
101787,MID03,2025-12-18,A,Unexcused,SIS,2026-06-01T02:15:00
101338,MID01,2025-12-05,P,,SIS,2026-06-01T02:15:00
100667,ELM04,2025-08-20,P,,SIS,2026-06-01T02:15:00
102267,HIG02,2025-09-18,P,,SIS,2026-06-01T02:15:00
101728,MID03,2025-08-21,A,Unexcused,SIS,2026-06-01T02:15:00
101791,MID03,2025-10-22,P,,SIS,2026-06-01T02:15:00
100878,ELM04,2025-08-26,P,,SIS,2026-06-01T02:15:00
101019,ELM05,2025-10-09,P,,SIS,2026-06-01T02:15:00
101756,MID03,2026-02-23,P,,SIS,2026-06-01T02:15:00
100336,ELM02,2025-10-31,P,,SIS,2026-06-01T02:15:00
101605,MID02,2026-03-31,P,,SIS,2026-06-01T02:15:00
100265,ELM02,2026-05-08,T,,SIS,2026-06-01T02:15:00
100563,ELM03,2026-04-30,P,,SIS,2026-06-01T02:15:00
101233,ELM06,2026-03-25,P,,SIS,2026-06-01T02:15:00
102364,HIG02,2025-09-30,P,,SIS,2026-06-01T02:15:00
101440,MID01,2025-12-04,T,,SIS,2026-06-01T02:15:00
101624,MID02,2025-11-17,P,,SIS,2026-06-01T02:15:00
100836,ELM04,2025-11-05,P,,SIS,2026-06-01T02:15:00
101918,HIG01,2025-08-14,P,,SIS,2026-06-01T02:15:00
101592,MID02,2025-10-16,P,,SIS,2026-06-01T02:15:00
100281,ELM02,2026-02-26,P,,SIS,2026-06-01T02:15:00
100610,ELM03,2026-01-29,P,,SIS,2026-06-01T02:15:00
102167,HIG01,2025-12-01,T,,SIS,2026-06-01T02:15:00
101903,HIG01,2026-03-31,P,,SIS,2026-06-01T02:15:00
101604,MID02,2025-10-10,P,,SIS,2026-06-01T02:15:00
101651,MID02,2026-02-02,P,,SIS,2026-06-01T02:15:00
100105,ELM01,2026-03-20,P,,SIS,2026-06-01T02:15:00
102032,HIG01,2025-09-30,P,,SIS,2026-06-01T02:15:00
101457,MID01,2026-05-07,P,,SIS,2026-06-01T02:15:00
101995,HIG01,2026-01-02,P,,SIS,2026-06-01T02:15:00
102045,HIG01,2026-01-29,P,,SIS,2026-06-01T02:15:00
102093,HIG01,2026-01-23,P,,SIS,2026-06-01T02:15:00
101165,ELM06,2026-04-17,P,,SIS,2026-06-01T02:15:00
100416,ELM02,2026-02-05,P,,SIS,2026-06-01T02:15:00
101624,MID02,2026-05-04,P,,SIS,2026-06-01T02:15:00
101461,MID01,2025-12-12,P,,SIS,2026-06-01T02:15:00
100257,ELM02,2025-12-16,P,,SIS,2026-06-01T02:15:00
100616,ELM03,2025-08-08,P,,SIS,2026-06-01T02:15:00
102330,HIG02,2025-09-29,P,,SIS,2026-06-01T02:15:00
100310,ELM02,2026-02-24,P,,SIS,2026-06-01T02:15:00
102297,HIG02,2025-09-24,P,,SIS,2026-06-01T02:15:00
101283,MID01,2026-03-17,P,,SIS,2026-06-01T02:15:00
101759,MID03,2025-10-08,P,,SIS,2026-06-01T02:15:00
100591,ELM03,2026-04-01,P,,SIS,2026-06-01T02:15:00
101788,MID03,2026-03-23,P,,SIS,2026-06-01T02:15:00
102356,HIG02,2025-10-03,A,Excused,SIS,2026-06-01T02:15:00
100590,ELM03,2025-08-25,P,,SIS,2026-06-01T02:15:00
100476,ELM03,2025-11-19,P,,SIS,2026-06-01T02:15:00
100736,ELM04,2025-09-29,P,,SIS,2026-06-01T02:15:00
101017,ELM05,2026-05-08,P,,SIS,2026-06-01T02:15:00
101534,MID02,2025-11-13,P,,SIS,2026-06-01T02:15:00
101261,ELM06,2026-02-19,P,,SIS,2026-06-01T02:15:00
100961,ELM05,2026-05-15,P,,SIS,2026-06-01T02:15:00
102360,HIG02,2026-05-12,P,,SIS,2026-06-01T02:15:00
101282,MID01,2025-10-07,P,,SIS,2026-06-01T02:15:00
101984,HIG01,2025-08-07,P,,SIS,2026-06-01T02:15:00
102143,HIG01,2026-03-02,A,Unexcused,SIS,2026-06-01T02:15:00
100516,ELM03,2025-09-12,P,,SIS,2026-06-01T02:15:00
102297,HIG02,2025-12-02,P,,SIS,2026-06-01T02:15:00
102007,HIG01,2026-03-19,P,,SIS,2026-06-01T02:15:00
102120,HIG01,2025-09-04,P,,SIS,2026-06-01T02:15:00
101637,MID02,2025-11-11,A,Unexcused,SIS,2026-06-01T02:15:00
101605,MID02,2026-04-16,P,,SIS,2026-06-01T02:15:00
100409,ELM02,2025-10-22,P,,SIS,2026-06-01T02:15:00
100065,ELM01,2026-01-27,P,,SIS,2026-06-01T02:15:00
101115,ELM06,2026-04-24,P,,SIS,2026-06-01T02:15:00
100560,ELM03,2025-10-02,P,,SIS,2026-06-01T02:15:00
101303,MID01,2026-03-06,P,,SIS,2026-06-01T02:15:00
102313,HIG02,2025-09-04,P,,SIS,2026-06-01T02:15:00
101779,MID03,2026-02-02,P,,SIS,2026-06-01T02:15:00
101765,MID03,2026-03-13,P,,SIS,2026-06-01T02:15:00
102047,HIG01,2025-10-02,P,,SIS,2026-06-01T02:15:00
100282,ELM02,2026-01-08,P,,SIS,2026-06-01T02:15:00
102038,HIG01,2025-12-11,P,,SIS,2026-06-01T02:15:00
101322,MID01,2026-04-17,T,,SIS,2026-06-01T02:15:00
100601,ELM03,2026-05-05,P,,SIS,2026-06-01T02:15:00
101517,MID02,2026-02-13,P,,SIS,2026-06-01T02:15:00
101498,MID02,2026-01-26,P,,SIS,2026-06-01T02:15:00
100895,ELM05,2025-12-04,P,,SIS,2026-06-01T02:15:00
101204,ELM06,2025-09-18,P,,SIS,2026-06-01T02:15:00
100603,ELM03,2025-12-05,P,,SIS,2026-06-01T02:15:00
101383,MID01,2025-10-15,P,,SIS,2026-06-01T02:15:00
101441,MID01,2025-10-02,P,,SIS,2026-06-01T02:15:00
101422,MID01,2026-01-14,P,,SIS,2026-06-01T02:15:00
100597,ELM03,2025-08-22,P,,SIS,2026-06-01T02:15:00
100321,ELM02,2026-03-23,P,,SIS,2026-06-01T02:15:00
100892,ELM05,2025-09-12,P,,SIS,2026-06-01T02:15:00
102392,HIG02,2025-10-29,P,,SIS,2026-06-01T02:15:00
101851,MID03,2025-10-27,P,,SIS,2026-06-01T02:15:00
101401,MID01,2025-08-11,A,Excused,SIS,2026-06-01T02:15:00
101709,MID03,2026-04-13,P,,SIS,2026-06-01T02:15:00
100867,ELM04,2026-04-21,P,,SIS,2026-06-01T02:15:00
100125,ELM01,2026-01-09,P,,SIS,2026-06-01T02:15:00
102045,HIG01,2025-11-17,P,,SIS,2026-06-01T02:15:00
102234,HIG02,2025-11-20,A,Unexcused,SIS,2026-06-01T02:15:00
100764,ELM04,2025-11-17,P,,SIS,2026-06-01T02:15:00
101537,MID02,2026-05-19,P,,SIS,2026-06-01T02:15:00
100825,ELM04,2026-05-12,P,,SIS,2026-06-01T02:15:00
100234,ELM02,2025-09-29,P,,SIS,2026-06-01T02:15:00
101656,MID02,2025-10-15,P,,SIS,2026-06-01T02:15:00
100926,ELM05,2026-01-15,P,,SIS,2026-06-01T02:15:00
102207,HIG02,2025-11-21,P,,SIS,2026-06-01T02:15:00
101043,ELM05,2025-08-14,P,,SIS,2026-06-01T02:15:00
101405,MID01,2025-10-29,P,,SIS,2026-06-01T02:15:00
101549,MID02,2026-03-03,P,,SIS,2026-06-01T02:15:00
100550,ELM03,2026-01-20,P,,SIS,2026-06-01T02:15:00
102207,HIG02,2026-04-01,P,,SIS,2026-06-01T02:15:00
101765,MID03,2025-09-16,P,,SIS,2026-06-01T02:15:00
101841,MID03,2025-09-02,P,,SIS,2026-06-01T02:15:00
100268,ELM02,2025-08-28,P,,SIS,2026-06-01T02:15:00
101982,HIG01,2026-04-22,P,,SIS,2026-06-01T02:15:00
101925,HIG01,2025-12-04,P,,SIS,2026-06-01T02:15:00
102036,HIG01,2026-03-27,P,,SIS,2026-06-01T02:15:00
100519,ELM03,2026-01-16,P,,SIS,2026-06-01T02:15:00
100973,ELM05,2025-08-14,P,,SIS,2026-06-01T02:15:00
100639,ELM03,2026-01-13,P,,SIS,2026-06-01T02:15:00
100110,ELM01,2025-11-18,P,,SIS,2026-06-01T02:15:00
101371,MID01,2026-03-23,A,Unexcused,SIS,2026-06-01T02:15:00
100827,ELM04,2025-12-03,P,,SIS,2026-06-01T02:15:00
101255,ELM06,2026-01-16,A,Unexcused,SIS,2026-06-01T02:15:00
101111,ELM06,2026-02-27,P,,SIS,2026-06-01T02:15:00
102299,HIG02,2026-03-20,P,,SIS,2026-06-01T02:15:00
101853,MID03,2025-10-24,A,Unexcused,SIS,2026-06-01T02:15:00
100273,ELM02,2025-09-29,P,,SIS,2026-06-01T02:15:00
101846,MID03,2025-08-27,P,,SIS,2026-06-01T02:15:00
100306,ELM02,2025-11-19,P,,SIS,2026-06-01T02:15:00
100670,ELM04,2026-02-25,P,,SIS,2026-06-01T02:15:00
100405,ELM02,2026-04-24,P,,SIS,2026-06-01T02:15:00
100376,ELM02,2025-11-19,P,,SIS,2026-06-01T02:15:00
101067,ELM05,2026-02-20,A,Excused,SIS,2026-06-01T02:15:00
101775,MID03,2026-02-23,P,,SIS,2026-06-01T02:15:00
101326,MID01,2025-11-04,P,,SIS,2026-06-01T02:15:00
100576,ELM03,2025-11-17,P,,SIS,2026-06-01T02:15:00
100416,ELM02,2025-10-31,P,,SIS,2026-06-01T02:15:00
101089,ELM05,2025-08-08,P,,SIS,2026-06-01T02:15:00
101284,MID01,2026-01-28,T,,SIS,2026-06-01T02:15:00
100589,ELM03,2026-01-26,P,,SIS,2026-06-01T02:15:00
101927,HIG01,2025-12-02,P,,SIS,2026-06-01T02:15:00
100684,ELM04,2025-10-24,P,,SIS,2026-06-01T02:15:00
102230,HIG02,2026-05-18,P,,SIS,2026-06-01T02:15:00
100096,ELM01,2026-04-29,P,,SIS,2026-06-01T02:15:00
100880,ELM04,2025-09-30,P,,SIS,2026-06-01T02:15:00
101755,MID03,2026-02-03,P,,SIS,2026-06-01T02:15:00
100573,ELM03,2025-10-23,P,,SIS,2026-06-01T02:15:00
102242,HIG02,2026-03-10,P,,SIS,2026-06-01T02:15:00
102017,HIG01,2026-02-02,T,,SIS,2026-06-01T02:15:00
102052,HIG01,2025-10-09,P,,SIS,2026-06-01T02:15:00
102171,HIG01,2025-10-27,P,,SIS,2026-06-01T02:15:00
100073,ELM01,2026-01-22,P,,SIS,2026-06-01T02:15:00
101135,ELM06,2026-03-18,T,,SIS,2026-06-01T02:15:00
100002,ELM01,2026-02-18,P,,SIS,2026-06-01T02:15:00
102088,HIG01,2026-05-11,T,,SIS,2026-06-01T02:15:00
101332,MID01,2025-10-23,P,,SIS,2026-06-01T02:15:00
102131,HIG01,2025-10-08,P,,SIS,2026-06-01T02:15:00
102370,HIG02,2025-09-16,P,,SIS,2026-06-01T02:15:00
102307,HIG02,2025-08-28,P,,SIS,2026-06-01T02:15:00
102183,HIG02,2025-12-17,P,,SIS,2026-06-01T02:15:00
100628,ELM03,2025-08-20,P,,SIS,2026-06-01T02:15:00
100774,ELM04,2025-12-04,P,,SIS,2026-06-01T02:15:00
100831,ELM04,2025-10-15,T,,SIS,2026-06-01T02:15:00
100844,ELM04,2025-10-29,P,,SIS,2026-06-01T02:15:00
101864,HIG01,2026-04-21,P,,SIS,2026-06-01T02:15:00
100044,ELM01,2026-04-30,P,,SIS,2026-06-01T02:15:00
102253,HIG02,2026-01-21,P,,SIS,2026-06-01T02:15:00
101672,MID03,2025-08-27,P,,SIS,2026-06-01T02:15:00
101516,MID02,2025-10-22,P,,SIS,2026-06-01T02:15:00
100603,ELM03,2025-08-07,P,,SIS,2026-06-01T02:15:00
100577,ELM03,2026-03-11,P,,SIS,2026-06-01T02:15:00
101563,MID02,2025-11-04,P,,SIS,2026-06-01T02:15:00
100682,ELM04,2026-03-06,P,,SIS,2026-06-01T02:15:00
100741,ELM04,2026-02-05,P,,SIS,2026-06-01T02:15:00
100263,ELM02,2025-08-06,P,,SIS,2026-06-01T02:15:00
101400,MID01,2026-05-14,A,Excused,SIS,2026-06-01T02:15:00
101352,MID01,2025-10-23,P,,SIS,2026-06-01T02:15:00
101777,MID03,2025-11-04,P,,SIS,2026-06-01T02:15:00
100343,ELM02,2025-09-16,A,Unexcused,SIS,2026-06-01T02:15:00
100309,ELM02,2025-08-07,P,,SIS,2026-06-01T02:15:00
101778,MID03,2025-12-03,P,,SIS,2026-06-01T02:15:00
100140,ELM01,2025-11-19,P,,SIS,2026-06-01T02:15:00
102288,HIG02,2025-10-29,P,,SIS,2026-06-01T02:15:00
100470,ELM03,2026-03-26,P,,SIS,2026-06-01T02:15:00
100198,ELM01,2025-09-25,P,,SIS,2026-06-01T02:15:00
100260,ELM02,2025-08-04,P,,SIS,2026-06-01T02:15:00
100697,ELM04,2025-10-16,P,,SIS,2026-06-01T02:15:00
100237,ELM02,2026-01-26,A,Excused,SIS,2026-06-01T02:15:00
100461,ELM02,2026-02-23,P,,SIS,2026-06-01T02:15:00
101270,MID01,2026-04-24,P,,SIS,2026-06-01T02:15:00
100747,ELM04,2025-08-21,P,,SIS,2026-06-01T02:15:00
101514,MID02,2026-01-28,P,,SIS,2026-06-01T02:15:00
100268,ELM02,2025-09-02,P,,SIS,2026-06-01T02:15:00
100836,ELM04,2026-02-12,P,,SIS,2026-06-01T02:15:00
100512,ELM03,2025-11-04,P,,SIS,2026-06-01T02:15:00
100753,ELM04,2026-04-21,P,,SIS,2026-06-01T02:15:00
100116,ELM01,2026-03-05,P,,SIS,2026-06-01T02:15:00
101442,MID01,2025-10-16,P,,SIS,2026-06-01T02:15:00
102112,HIG01,2025-11-19,P,,SIS,2026-06-01T02:15:00
101648,MID02,2025-08-08,P,,SIS,2026-06-01T02:15:00
101790,MID03,2026-03-27,P,,SIS,2026-06-01T02:15:00
100296,ELM02,2025-12-04,P,,SIS,2026-06-01T02:15:00
100526,ELM03,2026-04-23,P,,SIS,2026-06-01T02:15:00
100824,ELM04,2026-02-12,P,,SIS,2026-06-01T02:15:00
101797,MID03,2026-03-16,P,,SIS,2026-06-01T02:15:00
101107,ELM06,2026-02-19,P,,SIS,2026-06-01T02:15:00
101478,MID01,2025-11-17,P,,SIS,2026-06-01T02:15:00
102032,HIG01,2025-11-13,P,,SIS,2026-06-01T02:15:00
101065,ELM05,2026-05-13,A,Unexcused,SIS,2026-06-01T02:15:00
100407,ELM02,2026-03-26,P,,SIS,2026-06-01T02:15:00
101236,ELM06,2025-10-08,P,,SIS,2026-06-01T02:15:00
100153,ELM01,2025-12-15,P,,SIS,2026-06-01T02:15:00
100809,ELM04,2025-10-21,P,,SIS,2026-06-01T02:15:00
101287,MID01,2026-04-14,P,,SIS,2026-06-01T02:15:00
102108,HIG01,2025-10-29,A,Unexcused,SIS,2026-06-01T02:15:00
100132,ELM01,2025-08-21,P,,SIS,2026-06-01T02:15:00
100545,ELM03,2025-10-21,P,,SIS,2026-06-01T02:15:00
100579,ELM03,2026-03-11,T,,SIS,2026-06-01T02:15:00
101634,MID02,2025-08-19,P,,SIS,2026-06-01T02:15:00
101123,ELM06,2025-10-07,P,,SIS,2026-06-01T02:15:00
101763,MID03,2025-10-24,P,,SIS,2026-06-01T02:15:00
100222,ELM02,2026-04-15,P,,SIS,2026-06-01T02:15:00
101367,MID01,2025-10-01,P,,SIS,2026-06-01T02:15:00
100010,ELM01,2026-01-12,A,Unexcused,SIS,2026-06-01T02:15:00
101941,HIG01,2026-03-20,P,,SIS,2026-06-01T02:15:00
100767,ELM04,2025-10-16,P,,SIS,2026-06-01T02:15:00
101559,MID02,2025-09-04,P,,SIS,2026-06-01T02:15:00
100135,ELM01,2026-05-14,P,,SIS,2026-06-01T02:15:00
100222,ELM02,2025-10-15,A,Excused,SIS,2026-06-01T02:15:00
100264,ELM02,2026-03-05,P,,SIS,2026-06-01T02:15:00
100122,ELM01,2025-12-02,A,Excused,SIS,2026-06-01T02:15:00
100894,ELM05,2026-03-12,P,,SIS,2026-06-01T02:15:00
101311,MID01,2025-09-12,P,,SIS,2026-06-01T02:15:00
101718,MID03,2026-04-29,P,,SIS,2026-06-01T02:15:00
102258,HIG02,2026-01-08,P,,SIS,2026-06-01T02:15:00
100579,ELM03,2026-01-22,P,,SIS,2026-06-01T02:15:00
101234,ELM06,2025-08-25,P,,SIS,2026-06-01T02:15:00
101341,MID01,2026-02-27,P,,SIS,2026-06-01T02:15:00
101200,ELM06,2025-11-21,P,,SIS,2026-06-01T02:15:00
101877,HIG01,2026-03-11,P,,SIS,2026-06-01T02:15:00
100418,ELM02,2025-08-22,P,,SIS,2026-06-01T02:15:00
100796,ELM04,2025-08-18,P,,SIS,2026-06-01T02:15:00
102320,HIG02,2026-05-11,P,,SIS,2026-06-01T02:15:00
100906,ELM05,2026-03-26,P,,SIS,2026-06-01T02:15:00
101630,MID02,2025-08-06,P,,SIS,2026-06-01T02:15:00
100390,ELM02,2025-12-04,P,,SIS,2026-06-01T02:15:00
100012,ELM01,2026-02-11,P,,SIS,2026-06-01T02:15:00
100340,ELM02,2026-04-13,P,,SIS,2026-06-01T02:15:00
100158,ELM01,2025-12-15,P,,SIS,2026-06-01T02:15:00
100057,ELM01,2025-08-13,P,,SIS,2026-06-01T02:15:00
101101,ELM05,2025-12-16,P,,SIS,2026-06-01T02:15:00
102122,HIG01,2025-10-23,A,Excused,SIS,2026-06-01T02:15:00
102234,HIG02,2025-12-19,P,,SIS,2026-06-01T02:15:00
100241,ELM02,2025-09-12,P,,SIS,2026-06-01T02:15:00
101753,MID03,2025-09-15,A,Excused,SIS,2026-06-01T02:15:00
101845,MID03,2025-12-19,P,,SIS,2026-06-01T02:15:00
100248,ELM02,2026-04-30,P,,SIS,2026-06-01T02:15:00
101482,MID02,2026-02-04,A,Excused,SIS,2026-06-01T02:15:00
100362,ELM02,2025-10-31,P,,SIS,2026-06-01T02:15:00
101943,HIG01,2025-12-08,P,,SIS,2026-06-01T02:15:00
100214,ELM02,2025-10-01,P,,SIS,2026-06-01T02:15:00
101269,MID01,2025-09-16,P,,SIS,2026-06-01T02:15:00
101233,ELM06,2026-01-22,A,Unexcused,SIS,2026-06-01T02:15:00
101590,MID02,2025-08-07,P,,SIS,2026-06-01T02:15:00
101822,MID03,2025-11-05,P,,SIS,2026-06-01T02:15:00
101942,HIG01,2026-03-19,P,,SIS,2026-06-01T02:15:00
101886,HIG01,2026-05-18,P,,SIS,2026-06-01T02:15:00
100122,ELM01,2025-12-09,P,,SIS,2026-06-01T02:15:00
100824,ELM04,2026-03-23,P,,SIS,2026-06-01T02:15:00
100004,ELM01,2025-12-19,P,,SIS,2026-06-01T02:15:00
101492,MID02,2026-05-08,P,,SIS,2026-06-01T02:15:00
101013,ELM05,2026-01-29,P,,SIS,2026-06-01T02:15:00
100011,ELM01,2025-11-19,P,,SIS,2026-06-01T02:15:00
100947,ELM05,2026-01-07,P,,SIS,2026-06-01T02:15:00
100296,ELM02,2025-09-03,P,,SIS,2026-06-01T02:15:00
100532,ELM03,2025-10-03,P,,SIS,2026-06-01T02:15:00
100042,ELM01,2025-12-05,P,,SIS,2026-06-01T02:15:00
100553,ELM03,2026-01-26,A,Excused,SIS,2026-06-01T02:15:00
101792,MID03,2026-02-26,P,,SIS,2026-06-01T02:15:00
102074,HIG01,2026-04-17,P,,SIS,2026-06-01T02:15:00
101411,MID01,2025-09-23,P,,SIS,2026-06-01T02:15:00
100844,ELM04,2025-12-03,P,,SIS,2026-06-01T02:15:00
100811,ELM04,2026-04-30,P,,SIS,2026-06-01T02:15:00
100577,ELM03,2026-01-29,P,,SIS,2026-06-01T02:15:00
101397,MID01,2026-02-12,P,,SIS,2026-06-01T02:15:00
101496,MID02,2025-09-08,P,,SIS,2026-06-01T02:15:00
100836,ELM04,2026-03-18,P,,SIS,2026-06-01T02:15:00
101850,MID03,2026-04-23,P,,SIS,2026-06-01T02:15:00
100561,ELM03,2026-01-12,P,,SIS,2026-06-01T02:15:00
101247,ELM06,2026-04-13,P,,SIS,2026-06-01T02:15:00
101652,MID02,2026-02-23,P,,SIS,2026-06-01T02:15:00
100084,ELM01,2025-09-15,P,,SIS,2026-06-01T02:15:00
101938,HIG01,2025-12-12,A,Excused,SIS,2026-06-01T02:15:00
101504,MID02,2025-10-29,P,,SIS,2026-06-01T02:15:00
100044,ELM01,2026-05-18,P,,SIS,2026-06-01T02:15:00
101366,MID01,2025-08-04,P,,SIS,2026-06-01T02:15:00
102141,HIG01,2026-04-13,P,,SIS,2026-06-01T02:15:00
100724,ELM04,2026-02-03,P,,SIS,2026-06-01T02:15:00
102251,HIG02,2026-03-24,P,,SIS,2026-06-01T02:15:00
101362,MID01,2025-09-30,P,,SIS,2026-06-01T02:15:00
101437,MID01,2025-11-21,P,,SIS,2026-06-01T02:15:00
100100,ELM01,2025-09-09,A,Excused,SIS,2026-06-01T02:15:00
100190,ELM01,2025-09-05,P,,SIS,2026-06-01T02:15:00
101367,MID01,2025-09-17,P,,SIS,2026-06-01T02:15:00
100224,ELM02,2026-03-19,P,,SIS,2026-06-01T02:15:00
101829,MID03,2026-02-27,P,,SIS,2026-06-01T02:15:00
102251,HIG02,2026-02-09,P,,SIS,2026-06-01T02:15:00
101580,MID02,2025-12-04,P,,SIS,2026-06-01T02:15:00
101071,ELM05,2025-10-22,P,,SIS,2026-06-01T02:15:00
102206,HIG02,2026-05-01,P,,SIS,2026-06-01T02:15:00
101305,MID01,2026-04-14,P,,SIS,2026-06-01T02:15:00
100133,ELM01,2025-09-24,P,,SIS,2026-06-01T02:15:00
102342,HIG02,2026-01-12,P,,SIS,2026-06-01T02:15:00
100494,ELM03,2026-03-26,P,,SIS,2026-06-01T02:15:00
101259,ELM06,2026-02-02,P,,SIS,2026-06-01T02:15:00
100751,ELM04,2025-11-03,P,,SIS,2026-06-01T02:15:00
100579,ELM03,2025-10-17,P,,SIS,2026-06-01T02:15:00
100059,ELM01,2025-09-05,P,,SIS,2026-06-01T02:15:00
100332,ELM02,2026-03-19,P,,SIS,2026-06-01T02:15:00
101619,MID02,2025-10-24,P,,SIS,2026-06-01T02:15:00
101618,MID02,2026-04-01,P,,SIS,2026-06-01T02:15:00
102159,HIG01,2026-02-20,P,,SIS,2026-06-01T02:15:00
101110,ELM06,2025-08-07,P,,SIS,2026-06-01T02:15:00
101156,ELM06,2026-03-18,P,,SIS,2026-06-01T02:15:00
101913,HIG01,2025-10-15,P,,SIS,2026-06-01T02:15:00
100196,ELM01,2026-04-03,P,,SIS,2026-06-01T02:15:00
100967,ELM05,2026-05-04,P,,SIS,2026-06-01T02:15:00
100286,ELM02,2025-12-15,P,,SIS,2026-06-01T02:15:00
100125,ELM01,2025-11-04,P,,SIS,2026-06-01T02:15:00
101789,MID03,2025-10-29,P,,SIS,2026-06-01T02:15:00
101266,ELM06,2025-11-21,T,,SIS,2026-06-01T02:15:00
101855,MID03,2025-09-11,P,,SIS,2026-06-01T02:15:00
102299,HIG02,2025-09-11,P,,SIS,2026-06-01T02:15:00
101737,MID03,2026-02-09,P,,SIS,2026-06-01T02:15:00
100422,ELM02,2025-10-23,P,,SIS,2026-06-01T02:15:00
102186,HIG02,2025-11-12,P,,SIS,2026-06-01T02:15:00
100070,ELM01,2025-08-27,P,,SIS,2026-06-01T02:15:00
101990,HIG01,2026-05-19,P,,SIS,2026-06-01T02:15:00
101024,ELM05,2025-08-25,P,,SIS,2026-06-01T02:15:00
101134,ELM06,2026-03-10,P,,SIS,2026-06-01T02:15:00
101267,ELM06,2026-03-13,P,,SIS,2026-06-01T02:15:00
100873,ELM04,2025-09-15,P,,SIS,2026-06-01T02:15:00
102191,HIG02,2026-03-05,P,,SIS,2026-06-01T02:15:00
101070,ELM05,2025-09-17,P,,SIS,2026-06-01T02:15:00
101471,MID01,2025-10-31,P,,SIS,2026-06-01T02:15:00
100466,ELM02,2025-08-20,P,,SIS,2026-06-01T02:15:00
102179,HIG02,2026-03-20,T,,SIS,2026-06-01T02:15:00
101627,MID02,2025-10-23,P,,SIS,2026-06-01T02:15:00
100719,ELM04,2025-08-20,P,,SIS,2026-06-01T02:15:00
100963,ELM05,2026-05-15,P,,SIS,2026-06-01T02:15:00
100021,ELM01,2025-12-09,P,,SIS,2026-06-01T02:15:00
102026,HIG01,2026-03-13,P,,SIS,2026-06-01T02:15:00
101086,ELM05,2025-08-20,P,,SIS,2026-06-01T02:15:00
100291,ELM02,2026-05-13,P,,SIS,2026-06-01T02:15:00
101593,MID02,2026-03-17,P,,SIS,2026-06-01T02:15:00
101903,HIG01,2025-12-08,P,,SIS,2026-06-01T02:15:00
101259,ELM06,2025-09-23,P,,SIS,2026-06-01T02:15:00
100839,ELM04,2026-01-21,P,,SIS,2026-06-01T02:15:00
100909,ELM05,2026-05-18,P,,SIS,2026-06-01T02:15:00
101007,ELM05,2025-11-10,P,,SIS,2026-06-01T02:15:00
102200,HIG02,2026-01-23,P,,SIS,2026-06-01T02:15:00
100562,ELM03,2025-12-09,P,,SIS,2026-06-01T02:15:00
101295,MID01,2026-01-08,P,,SIS,2026-06-01T02:15:00
100414,ELM02,2025-08-20,P,,SIS,2026-06-01T02:15:00
101425,MID01,2026-02-09,P,,SIS,2026-06-01T02:15:00
101438,MID01,2025-12-02,P,,SIS,2026-06-01T02:15:00
101901,HIG01,2026-04-30,P,,SIS,2026-06-01T02:15:00
100689,ELM04,2025-09-12,P,,SIS,2026-06-01T02:15:00
101568,MID02,2025-11-18,P,,SIS,2026-06-01T02:15:00
100077,ELM01,2026-03-03,P,,SIS,2026-06-01T02:15:00
101324,MID01,2026-03-23,P,,SIS,2026-06-01T02:15:00
101225,ELM06,2026-02-12,P,,SIS,2026-06-01T02:15:00
100548,ELM03,2025-08-13,P,,SIS,2026-06-01T02:15:00
101726,MID03,2025-08-25,P,,SIS,2026-06-01T02:15:00
102260,HIG02,2025-09-11,P,,SIS,2026-06-01T02:15:00
101463,MID01,2026-05-15,P,,SIS,2026-06-01T02:15:00
100800,ELM04,2026-03-27,P,,SIS,2026-06-01T02:15:00
101554,MID02,2025-08-04,P,,SIS,2026-06-01T02:15:00
101558,MID02,2026-03-13,A,Excused,SIS,2026-06-01T02:15:00
100527,ELM03,2025-11-12,P,,SIS,2026-06-01T02:15:00
102354,HIG02,2026-02-27,P,,SIS,2026-06-01T02:15:00
101937,HIG01,2026-01-28,P,,SIS,2026-06-01T02:15:00
101313,MID01,2025-08-06,P,,SIS,2026-06-01T02:15:00
100399,ELM02,2026-03-31,P,,SIS,2026-06-01T02:15:00
101738,MID03,2025-08-22,P,,SIS,2026-06-01T02:15:00
100573,ELM03,2025-12-18,P,,SIS,2026-06-01T02:15:00
100084,ELM01,2026-01-27,P,,SIS,2026-06-01T02:15:00
100346,ELM02,2026-04-17,A,Unexcused,SIS,2026-06-01T02:15:00
101209,ELM06,2026-02-09,P,,SIS,2026-06-01T02:15:00
101613,MID02,2025-10-23,P,,SIS,2026-06-01T02:15:00
101582,MID02,2025-09-22,P,,SIS,2026-06-01T02:15:00
102078,HIG01,2026-02-27,P,,SIS,2026-06-01T02:15:00
102260,HIG02,2025-10-22,P,,SIS,2026-06-01T02:15:00
102354,HIG02,2026-01-28,P,,SIS,2026-06-01T02:15:00
101214,ELM06,2026-05-20,T,,SIS,2026-06-01T02:15:00
100728,ELM04,2026-05-12,P,,SIS,2026-06-01T02:15:00
100949,ELM05,2026-03-30,P,,SIS,2026-06-01T02:15:00
100830,ELM04,2025-08-28,P,,SIS,2026-06-01T02:15:00
100191,ELM01,2025-12-08,P,,SIS,2026-06-01T02:15:00
102065,HIG01,2026-04-20,P,,SIS,2026-06-01T02:15:00
101316,MID01,2026-05-08,T,,SIS,2026-06-01T02:15:00
100069,ELM01,2026-04-27,A,Excused,SIS,2026-06-01T02:15:00
100197,ELM01,2025-12-19,P,,SIS,2026-06-01T02:15:00
100220,ELM02,2026-01-26,P,,SIS,2026-06-01T02:15:00
101103,ELM06,2026-05-12,P,,SIS,2026-06-01T02:15:00
101881,HIG01,2025-08-13,P,,SIS,2026-06-01T02:15:00
101057,ELM05,2026-01-07,P,,SIS,2026-06-01T02:15:00
101500,MID02,2026-04-17,P,,SIS,2026-06-01T02:15:00
101920,HIG01,2025-09-16,P,,SIS,2026-06-01T02:15:00
101944,HIG01,2026-01-15,A,Excused,SIS,2026-06-01T02:15:00
101442,MID01,2025-08-07,P,,SIS,2026-06-01T02:15:00
