student_id,first_name,last_name,school_code,grade_level,enrollment_date,withdrawal_date
100001,Remy,Patel,ELM01,4,2025-08-04,
100002,Sage,Walker,ELM01,5,2025-08-04,
100003,Micah,Davis,ELM01,3,2025-08-04,
100004,Hayden,Lopez,ELM01,K,2025-08-04,
100005,Riley,Ali,ELM01,5,2025-08-04,
100006,Kai,Robinson,ELM01,3,2025-08-04,
100007,Dakota,Lopez,ELM01,2,2025-08-04,
100008,Hayden,Singh,ELM01,2,2025-08-04,
100009,Kai,Singh,ELM01,3,2025-08-04,
100010,Sage,Carter,ELM01,5,2025-08-04,
100011,Kai,Smith,ELM01,4,2025-08-04,
100012,Blake,Reyes,ELM01,4,2025-08-04,
100013,Morgan,Thompson,ELM01,2,2025-08-04,
100014,Morgan,Jones,ELM01,1,2025-08-04,
100015,Elliot,Martinez,ELM01,4,2025-08-04,
100016,Sage,Okafor,ELM01,2,2025-08-04,
100017,Riley,Reyes,ELM01,5,2025-08-04,
100018,Kai,Carter,ELM01,3,2025-08-04,
100019,Morgan,Thompson,ELM01,4,2025-08-04,
100020,Parker,Kim,ELM01,2,2025-08-04,
100021,Casey,Williams,ELM01,1,2025-08-04,
100022,Remy,Brown,ELM01,2,2025-08-04,
100023,Sawyer,Lopez,ELM01,1,2025-08-04,
100024,Avery,Davis,ELM01,4,2025-08-04,
100025,Rowan,Brown,ELM01,3,2025-08-04,
100026,Emerson,Robinson,ELM01,5,2025-08-04,
100027,Remy,Walker,ELM01,1,2025-08-04,
100028,Micah,Reyes,ELM01,K,2025-08-04,
100029,Blake,Okafor,ELM01,3,2025-08-04,
100030,Skyler,Williams,ELM01,1,2025-08-04,
100031,Blake,Diaz,ELM01,2,2025-08-04,
100032,Elliot,Robinson,ELM01,3,2025-08-04,
100033,Tatum,Jones,ELM01,4,2025-08-04,
100034,Jordan,Lopez,ELM01,4,2025-08-04,
100035,Parker,Reyes,ELM01,1,2025-08-04,
100036,Jordan,Rivera,ELM01,3,2025-08-04,
100037,Dakota,Reyes,ELM01,2,2025-08-04,
100038,Sage,Rivera,ELM01,4,2025-08-04,
100039,Quinn,Lopez,ELM01,K,2025-08-04,
100040,Reese,Robinson,ELM01,3,2025-08-04,2025-09-27
100041,Hayden,Hernandez,ELM01,5,2025-08-04,
100042,Sage,Rivera,ELM01,1,2025-08-04,
100043,Morgan,Walker,ELM01,K,2025-08-04,
100044,Taylor,Patel,ELM01,1,2025-08-04,
100045,Blake,Patel,ELM01,2,2025-08-04,
100046,Noel,Williams,ELM01,1,2025-08-04,
100047,Rowan,Ali,ELM01,K,2025-08-04,
100048,Riley,Jones,ELM01,K,2025-08-04,
100049,Noel,Garcia,ELM01,5,2025-08-04,
100050,Hayden,Patel,ELM01,5,2025-08-04,
100051,Dakota,Smith,ELM01,3,2025-08-04,
100052,Hayden,Reyes,ELM01,4,2025-08-04,
100053,Rowan,Thompson,ELM01,K,2025-08-04,
100054,Quinn,Nguyen,ELM01,5,2025-08-04,
100055,Blake,Reyes,ELM01,3,2025-08-04,
100056,Tatum,Chen,ELM01,1,2025-08-04,
100057,Avery,Brown,ELM01,5,2025-08-04,
100058,Morgan,Patel,ELM01,K,2025-09-15,
100059,Rowan,Carter,ELM01,5,2025-08-04,
100060,Quinn,Carter,ELM01,1,2025-08-04,
100061,Avery,Carter,ELM01,4,2025-08-04,
100062,Riley,Johnson,ELM01,5,2025-08-04,
100063,Hayden,Brown,ELM01,K,2025-08-04,
100064,Blake,Chen,ELM01,3,2025-08-04,
100065,Skyler,Martinez,ELM01,5,2025-08-04,
100066,Skyler,Walker,ELM01,3,2025-08-04,
100067,Sage,Garcia,ELM01,K,2025-08-04,
100068,Avery,Singh,ELM01,4,2025-08-04,
100069,Blake,Singh,ELM01,3,2025-08-04,
100070,Noel,Diaz,ELM01,3,2025-08-04,
100071,Rowan,Robinson,ELM01,4,2025-08-30,
100072,Rowan,Kim,ELM01,2,2025-08-04,
100073,Dakota,Chen,ELM01,5,2025-08-04,
100074,Sage,Okafor,ELM01,K,2025-08-04,
100075,Noel,Robinson,ELM01,3,2025-08-04,
100076,Elliot,Lopez,ELM01,K,2025-08-04,
100077,Elliot,Brown,ELM01,4,2025-08-04,
100078,Finley,Walker,ELM01,3,2025-08-04,
100079,Riley,Okafor,ELM01,4,2025-08-04,
100080,Remy,Patel,ELM01,K,2025-08-04,
100081,Morgan,Hernandez,ELM01,4,2025-08-04,
100082,Hayden,Walker,ELM01,K,2025-08-04,
100083,Quinn,Williams,ELM01,2,2025-08-04,
100084,Dakota,Chen,ELM01,3,2025-08-04,
100085,Morgan,Singh,ELM01,1,2025-08-04,
100086,Reese,Chen,ELM01,2,2025-08-04,
100087,Taylor,Garcia,ELM01,2,2025-08-04,
100088,Rowan,Johnson,ELM01,5,2025-08-04,
100089,Skyler,Johnson,ELM01,4,2025-08-04,
100090,Taylor,Kim,ELM01,1,2025-08-04,
100091,Rowan,Johnson,ELM01,5,2025-08-04,
100092,Micah,Kim,ELM01,3,2025-08-04,
100093,Taylor,Rivera,ELM01,2,2025-08-04,
100094,Rowan,Lopez,ELM01,4,2025-08-04,
100095,Noel,Ali,ELM01,4,2025-08-04,
100096,Sawyer,Singh,ELM01,2,2025-08-04,
100097,Jordan,Carter,ELM01,2,2025-08-04,
100098,Morgan,Ali,ELM01,2,2025-08-04,
100099,Quinn,Garcia,ELM01,5,2025-10-02,
100100,Dakota,Hernandez,ELM01,3,2025-08-04,
100101,Noel,Thompson,ELM01,4,2025-08-04,
100102,Avery,Reyes,ELM01,2,2025-08-04,2026-03-05
100103,Sage,Martinez,ELM01,1,2025-08-04,
100104,Casey,Reyes,ELM01,4,2025-08-04,2025-10-22
100105,Finley,Kim,ELM01,2,2025-08-04,
100106,Sage,Reyes,ELM01,K,2025-08-04,
100107,Hayden,Walker,ELM01,3,2025-08-04,2025-12-17
100108,Avery,Smith,ELM01,5,2025-08-04,
100109,Micah,Ali,ELM01,2,2025-08-04,
100110,Kai,Robinson,ELM01,4,2025-11-09,
100111,Jordan,Jones,ELM01,5,2025-08-04,
100112,Morgan,Thompson,ELM01,1,2025-08-04,
100113,Finley,Davis,ELM01,1,2025-08-04,
100114,Blake,Okafor,ELM01,5,2025-08-04,
100115,Micah,Walker,ELM01,5,2025-08-04,
100116,Avery,Johnson,ELM01,2,2025-08-04,
100117,Remy,Brown,ELM01,2,2025-08-04,
100118,Hayden,Johnson,ELM01,2,2025-08-04,
100119,Morgan,Walker,ELM01,2,2025-08-04,
100120,Skyler,Kim,ELM01,3,2025-08-04,
100121,Avery,Garcia,ELM01,3,2025-08-04,
100122,Kai,Carter,ELM01,5,2025-08-04,
100123,Rowan,Diaz,ELM01,2,2025-08-04,
100124,Elliot,Jones,ELM01,K,2025-08-04,
100125,Remy,Patel,ELM01,5,2025-08-04,
100126,Tatum,Davis,ELM01,4,2025-08-04,
100127,Skyler,Davis,ELM01,K,2025-08-04,
100128,Morgan,Kim,ELM01,K,2025-08-04,
100129,Quinn,Brown,ELM01,K,2025-08-04,
100130,Micah,Jones,ELM01,5,2025-08-04,
100131,Kai,Reyes,ELM01,3,2025-08-04,
100132,Dakota,Carter,ELM01,3,2025-08-04,
100133,Finley,Martinez,ELM01,3,2025-08-04,
100134,Casey,Brown,ELM01,5,2025-08-04,
100135,Noel,Jones,ELM01,5,2025-08-04,
100136,Micah,Johnson,ELM01,3,2025-08-04,
100137,Casey,Jones,ELM01,5,2025-08-04,
100138,Parker,Ali,ELM01,K,2025-08-04,
100139,Blake,Hernandez,ELM01,K,2025-10-13,
100140,Sawyer,Williams,ELM01,2,2025-08-04,
100141,Sage,Smith,ELM01,4,2025-08-04,
100142,Dakota,Johnson,ELM01,1,2025-08-04,
100143,Riley,Nguyen,ELM01,4,2025-08-04,
100144,Finley,Garcia,ELM01,1,2025-08-04,
100145,Dakota,Nguyen,ELM01,3,2025-08-04,
100146,Finley,Robinson,ELM01,5,2025-08-04,
100147,Sawyer,Brown,ELM01,3,2025-08-04,
100148,Taylor,Martinez,ELM01,2,2025-12-21,
100149,Finley,Davis,ELM01,2,2025-08-04,
100150,Hayden,Singh,ELM01,1,2025-08-04,
100151,Emerson,Kim,ELM01,4,2025-08-04,
100152,Tatum,Smith,ELM01,1,2025-08-04,
100153,Tatum,Carter,ELM01,3,2025-08-04,
100154,Noel,Lopez,ELM01,5,2025-08-04,
100155,Remy,Carter,ELM01,5,2025-08-04,
100156,Tatum,Thompson,ELM01,K,2025-08-04,
100157,Tatum,Diaz,ELM01,1,2025-08-04,
100158,Jordan,Walker,ELM01,K,2025-08-04,
100159,Dakota,Johnson,ELM01,K,2025-08-04,
100160,Dakota,Nguyen,ELM01,K,2025-08-04,
100161,Remy,Jones,ELM01,K,2025-08-04,
100162,Finley,Davis,ELM01,3,2025-08-04,
100163,Jordan,Rivera,ELM01,3,2025-08-04,
100164,Avery,Williams,ELM01,4,2025-08-04,
100165,Kai,Patel,ELM01,5,2025-08-04,
100166,Casey,Thompson,ELM01,2,2025-08-04,
100167,Quinn,Patel,ELM01,K,2025-08-04,
100168,Skyler,Thompson,ELM01,K,2025-08-04,
100169,Rowan,Carter,ELM01,5,2025-08-04,
100170,Avery,Okafor,ELM01,K,2025-08-04,
100171,Avery,Smith,ELM01,4,2025-08-04,
100172,Rowan,Kim,ELM01,5,2025-08-04,
100173,Noel,Reyes,ELM01,4,2025-08-04,
100174,Emerson,Williams,ELM01,5,2025-08-04,
100175,Skyler,Carter,ELM01,2,2025-08-04,
100176,Remy,Jones,ELM01,4,2025-08-04,
100177,Noel,Diaz,ELM01,3,2025-08-04,
100178,Micah,Jones,ELM01,K,2025-08-04,
100179,Noel,Kim,ELM01,2,2025-08-04,
100180,Taylor,Nguyen,ELM01,K,2025-08-04,
100181,Micah,Jones,ELM01,1,2025-08-04,
100182,Kai,Reyes,ELM01,2,2025-08-04,
100183,Noel,Thompson,ELM01,K,2025-08-04,
100184,Parker,Martinez,ELM01,2,2025-08-04,
100185,Rowan,Garcia,ELM01,1,2025-08-04,
100186,Quinn,Walker,ELM01,5,2025-08-04,
100187,Remy,Smith,ELM01,2,2025-08-04,
100188,Noel,Johnson,ELM01,1,2025-08-04,
100189,Sage,Patel,ELM01,K,2025-08-04,
100190,Parker,Brown,ELM01,3,2025-08-04,
100191,Finley,Lopez,ELM01,5,2025-08-04,
100192,Sage,Ali,ELM01,4,2025-08-04,
100193,Blake,Carter,ELM01,2,2025-08-04,
100194,Remy,Smith,ELM01,4,2025-08-04,
100195,Sage,Robinson,ELM01,5,2025-08-04,
100196,Casey,Smith,ELM01,2,2025-08-04,
100197,Riley,Nguyen,ELM01,K,2025-08-04,
100198,Remy,Lopez,ELM01,2,2025-08-04,
100199,Noel,Nguyen,ELM01,K,2025-08-04,
100200,Remy,Hernandez,ELM01,1,2025-08-04,
100201,Reese,Ali,ELM01,5,2025-08-04,
100202,Sage,Walker,ELM01,3,2025-08-04,
100203,Elliot,Garcia,ELM01,4,2025-08-04,
100204,Sawyer,Reyes,ELM01,2,2025-08-04,
100205,Casey,Lopez,ELM01,2,2025-08-04,
100206,Sage,Williams,ELM02,4,2025-08-04,
100207,Riley,Diaz,ELM02,3,2025-08-04,
100208,Taylor,Patel,ELM02,4,2025-08-04,
100209,Reese,Patel,ELM02,K,2025-08-04,
100210,Micah,Hernandez,ELM02,5,2025-08-04,
100211,Dakota,Nguyen,ELM02,2,2025-08-04,
100212,Parker,Lopez,ELM02,1,2025-08-04,
100213,Hayden,Okafor,ELM02,3,2025-08-04,
100214,Sage,Chen,ELM02,5,2025-08-04,
100215,Skyler,Thompson,ELM02,5,2025-08-04,
100216,Sage,Walker,ELM02,1,2025-08-04,
100217,Skyler,Nguyen,ELM02,1,2025-08-04,
100218,Hayden,Reyes,ELM02,1,2025-08-04,
100219,Casey,Diaz,ELM02,4,2025-08-04,
100220,Emerson,Patel,ELM02,3,2025-08-04,
100221,Hayden,Reyes,ELM02,K,2025-08-04,
100222,Rowan,Hernandez,ELM02,2,2025-08-04,
100223,Noel,Nguyen,ELM02,3,2025-08-04,
100224,Noel,Rivera,ELM02,4,2025-08-04,
100225,Parker,Kim,ELM02,3,2025-08-04,
100226,Tatum,Reyes,ELM02,5,2025-08-04,
100227,Reese,Davis,ELM02,3,2025-08-04,
100228,Elliot,Jones,ELM02,5,2025-08-04,
100229,Blake,Williams,ELM02,K,2025-08-04,
100230,Reese,Johnson,ELM02,1,2025-08-04,
100231,Remy,Johnson,ELM02,5,2025-08-04,
100232,Noel,Rivera,ELM02,2,2025-08-04,
100233,Finley,Smith,ELM02,1,2025-08-04,
100234,Blake,Robinson,ELM02,1,2025-08-04,
100235,Quinn,Martinez,ELM02,3,2025-08-04,
100236,Noel,Patel,ELM02,3,2025-08-04,
100237,Sawyer,Johnson,ELM02,2,2025-08-04,
100238,Rowan,Okafor,ELM02,4,2025-08-04,
100239,Micah,Rivera,ELM02,1,2025-08-04,
100240,Noel,Nguyen,ELM02,5,2025-08-04,
100241,Remy,Rivera,ELM02,4,2025-08-04,
100242,Avery,Robinson,ELM02,3,2025-08-04,
100243,Avery,Robinson,ELM02,3,2025-08-04,
100244,Remy,Okafor,ELM02,1,2025-08-04,
100245,Reese,Robinson,ELM02,3,2025-08-04,
100246,Micah,Jones,ELM02,3,2025-08-04,
100247,Quinn,Carter,ELM02,3,2025-08-04,
100248,Finley,Rivera,ELM02,1,2025-08-04,
100249,Tatum,Reyes,ELM02,2,2025-08-04,
100250,Riley,Rivera,ELM02,4,2025-08-04,
100251,Noel,Thompson,ELM02,5,2025-08-04,
100252,Hayden,Singh,ELM02,1,2025-08-04,
100253,Sage,Williams,ELM02,K,2025-08-04,
100254,Jordan,Okafor,ELM02,2,2025-08-04,
100255,Micah,Ali,ELM02,1,2025-08-04,
100256,Sage,Okafor,ELM02,3,2025-08-04,
100257,Reese,Thompson,ELM02,3,2025-08-04,
100258,Sage,Smith,ELM02,4,2025-08-04,
100259,Riley,Davis,ELM02,4,2025-08-04,
100260,Remy,Smith,ELM02,K,2025-08-04,
100261,Elliot,Nguyen,ELM02,2,2025-08-04,
100262,Quinn,Thompson,ELM02,3,2025-08-04,
100263,Hayden,Nguyen,ELM02,5,2025-08-04,
100264,Finley,Nguyen,ELM02,K,2025-08-04,
100265,Rowan,Walker,ELM02,2,2025-08-04,
100266,Dakota,Smith,ELM02,5,2025-08-04,
100267,Taylor,Kim,ELM02,3,2025-08-04,
100268,Kai,Kim,ELM02,1,2025-08-04,
100269,Sawyer,Garcia,ELM02,2,2025-08-04,
100270,Micah,Carter,ELM02,5,2025-08-04,
100271,Noel,Hernandez,ELM02,5,2025-08-04,
100272,Jordan,Reyes,ELM02,5,2025-08-04,
100273,Taylor,Williams,ELM02,3,2025-08-04,
100274,Hayden,Okafor,ELM02,5,2025-08-04,
100275,Emerson,Okafor,ELM02,4,2025-08-04,
100276,Taylor,Garcia,ELM02,4,2025-08-04,
100277,Rowan,Carter,ELM02,K,2025-08-04,
100278,Riley,Reyes,ELM02,2,2025-08-04,
100279,Skyler,Ali,ELM02,3,2025-08-04,
100280,Rowan,Diaz,ELM02,2,2025-08-04,
100281,Taylor,Martinez,ELM02,3,2025-08-04,
100282,Skyler,Johnson,ELM02,1,2025-08-04,
100283,Reese,Williams,ELM02,2,2025-08-04,
100284,Micah,Carter,ELM02,K,2025-08-04,
100285,Parker,Robinson,ELM02,1,2025-08-04,
100286,Avery,Nguyen,ELM02,1,2025-08-04,
100287,Taylor,Williams,ELM02,2,2025-08-04,
100288,Quinn,Martinez,ELM02,K,2025-08-04,
100289,Reese,Nguyen,ELM02,1,2025-08-04,
100290,Skyler,Chen,ELM02,3,2025-08-04,
100291,Tatum,Carter,ELM02,3,2025-08-04,
100292,Rowan,Jones,ELM02,K,2025-08-04,
100293,Kai,Singh,ELM02,2,2025-08-04,
100294,Sage,Chen,ELM02,2,2025-08-04,
100295,Parker,Jones,ELM02,3,2025-08-04,
100296,Casey,Garcia,ELM02,5,2025-08-04,
100297,Jordan,Williams,ELM02,5,2025-08-04,
100298,Remy,Singh,ELM02,K,2025-08-04,
100299,Riley,Carter,ELM02,2,2025-08-04,
100300,Blake,Hernandez,ELM02,2,2025-08-04,
100301,Rowan,Carter,ELM02,K,2025-08-04,2025-09-03
100302,Quinn,Lopez,ELM02,1,2025-08-04,
100303,Taylor,Martinez,ELM02,4,2025-08-04,2025-10-12
100304,Parker,Lopez,ELM02,2,2025-08-04,
100305,Quinn,Lopez,ELM02,K,2025-08-04,2026-04-07
100306,Elliot,Lopez,ELM02,3,2025-08-04,
100307,Morgan,Chen,ELM02,K,2025-08-04,
100308,Skyler,Nguyen,ELM02,5,2025-08-04,
100309,Casey,Kim,ELM02,4,2025-08-04,
100310,Morgan,Walker,ELM02,K,2025-08-04,
100311,Morgan,Carter,ELM02,K,2025-08-04,
100312,Riley,Williams,ELM02,3,2025-08-04,
100313,Reese,Jones,ELM02,5,2025-08-04,2026-01-12
100314,Remy,Walker,ELM02,2,2025-08-04,
100315,Emerson,Hernandez,ELM02,K,2025-08-04,
100316,Elliot,Martinez,ELM02,1,2025-08-04,
100317,Elliot,Thompson,ELM02,2,2025-08-04,
100318,Blake,Davis,ELM02,5,2025-08-04,
100319,Sawyer,Davis,ELM02,5,2025-08-04,
100320,Tatum,Patel,ELM02,2,2025-08-04,
100321,Blake,Carter,ELM02,2,2025-08-04,
100322,Micah,Singh,ELM02,2,2025-08-04,
100323,Rowan,Thompson,ELM02,4,2025-08-04,2025-09-04
100324,Jordan,Walker,ELM02,K,2025-08-04,
100325,Avery,Rivera,ELM02,5,2025-08-04,
100326,Kai,Lopez,ELM02,3,2025-08-04,
100327,Rowan,Okafor,ELM02,1,2025-08-04,
100328,Blake,Walker,ELM02,2,2025-08-04,
100329,Kai,Robinson,ELM02,K,2025-08-04,
100330,Dakota,Carter,ELM02,K,2025-08-04,
100331,Kai,Carter,ELM02,4,2025-08-04,
100332,Emerson,Singh,ELM02,3,2025-08-04,
100333,Tatum,Smith,ELM02,2,2025-08-04,
100334,Parker,Kim,ELM02,5,2025-08-04,
100335,Elliot,Nguyen,ELM02,3,2025-08-04,
100336,Tatum,Kim,ELM02,1,2025-08-04,
100337,Rowan,Kim,ELM02,K,2025-08-04,
100338,Dakota,Reyes,ELM02,1,2025-08-04,
100339,Tatum,Walker,ELM02,5,2025-08-15,
100340,Morgan,Davis,ELM02,5,2025-08-04,
100341,Sage,Jones,ELM02,5,2025-08-04,
100342,Dakota,Lopez,ELM02,3,2025-08-04,
100343,Morgan,Okafor,ELM02,K,2025-08-04,
100344,Jordan,Patel,ELM02,2,2025-08-04,
100345,Finley,Kim,ELM02,5,2025-08-04,
100346,Casey,Thompson,ELM02,4,2025-08-04,
100347,Morgan,Smith,ELM02,2,2025-08-04,
100348,Tatum,Garcia,ELM02,1,2025-08-04,
100349,Reese,Patel,ELM02,4,2025-08-04,
100350,Riley,Kim,ELM02,4,2025-08-04,
100351,Sage,Thompson,ELM02,4,2025-08-04,
100352,Noel,Jones,ELM02,2,2025-08-04,
100353,Jordan,Lopez,ELM02,2,2025-08-04,
100354,Quinn,Nguyen,ELM02,2,2025-08-04,
100355,Finley,Jones,ELM02,K,2025-08-04,
100356,Taylor,Carter,ELM02,3,2025-08-04,
100357,Kai,Garcia,ELM02,5,2025-08-04,
100358,Reese,Robinson,ELM02,3,2025-08-04,2025-12-12
100359,Riley,Davis,ELM02,5,2025-08-04,
100360,Sawyer,Chen,ELM02,3,2025-08-04,
100361,Blake,Jones,ELM02,1,2025-08-04,
100362,Dakota,Garcia,ELM02,1,2025-08-04,
100363,Kai,Patel,ELM02,K,2025-08-04,
100364,Elliot,Martinez,ELM02,3,2025-08-04,
100365,Taylor,Patel,ELM02,3,2025-08-04,
100366,Remy,Garcia,ELM02,4,2025-08-04,
100367,Hayden,Reyes,ELM02,4,2025-08-04,
100368,Parker,Williams,ELM02,K,2025-08-04,
100369,Kai,Singh,ELM02,3,2025-08-04,
100370,Noel,Garcia,ELM02,K,2025-08-04,
100371,Elliot,Chen,ELM02,5,2025-08-04,
100372,Jordan,Singh,ELM02,3,2025-08-04,
100373,Reese,Walker,ELM02,3,2025-08-04,
100374,Emerson,Diaz,ELM02,4,2025-08-04,
100375,Jordan,Nguyen,ELM02,1,2025-08-04,
100376,Quinn,Ali,ELM02,5,2025-08-04,
100377,Sage,Hernandez,ELM02,K,2025-08-04,
100378,Finley,Singh,ELM02,3,2025-08-04,
100379,Finley,Singh,ELM02,K,2025-08-04,
100380,Blake,Williams,ELM02,K,2025-08-04,
100381,Finley,Williams,ELM02,2,2025-08-04,
100382,Morgan,Smith,ELM02,2,2025-08-04,
100383,Reese,Brown,ELM02,1,2025-08-04,
100384,Finley,Brown,ELM02,5,2025-08-04,
100385,Micah,Hernandez,ELM02,1,2025-08-04,
100386,Hayden,Kim,ELM02,2,2025-08-04,
100387,Quinn,Brown,ELM02,3,2025-08-04,
100388,Kai,Chen,ELM02,K,2025-08-04,
100389,Parker,Davis,ELM02,2,2025-08-04,
100390,Casey,Davis,ELM02,5,2025-08-04,
100391,Morgan,Walker,ELM02,K,2025-08-04,
100392,Elliot,Reyes,ELM02,3,2025-08-04,
100393,Parker,Reyes,ELM02,1,2025-08-04,
100394,Parker,Diaz,ELM02,2,2025-08-04,
100395,Reese,Robinson,ELM02,K,2025-08-04,
100396,Reese,Patel,ELM02,3,2025-08-04,
100397,Taylor,Robinson,ELM02,3,2025-08-04,
100398,Jordan,Garcia,ELM02,4,2025-08-04,
100399,Reese,Chen,ELM02,4,2025-11-01,
100400,Quinn,Robinson,ELM02,1,2025-08-04,
100401,Hayden,Carter,ELM02,5,2025-08-04,
100402,Kai,Martinez,ELM02,5,2025-08-04,
100403,Taylor,Lopez,ELM02,2,2025-08-04,
100404,Remy,Davis,ELM02,2,2025-08-04,
100405,Casey,Thompson,ELM02,3,2025-08-04,
100406,Kai,Martinez,ELM02,2,2025-08-04,
100407,Skyler,Rivera,ELM02,3,2025-08-04,
100408,Rowan,Nguyen,ELM02,2,2025-08-04,
100409,Jordan,Singh,ELM02,1,2025-08-04,
100410,Sage,Walker,ELM02,1,2025-10-09,
100411,Avery,Lopez,ELM02,K,2025-08-04,
100412,Skyler,Jones,ELM02,3,2025-08-04,
100413,Skyler,Reyes,ELM02,1,2025-08-04,
100414,Reese,Patel,ELM02,5,2025-08-04,
100415,Elliot,Rivera,ELM02,1,2025-08-04,
100416,Parker,Martinez,ELM02,2,2025-08-04,
100417,Kai,Jones,ELM02,4,2025-08-04,
100418,Rowan,Rivera,ELM02,2,2025-08-04,
100419,Noel,Walker,ELM02,4,2025-08-04,
100420,Jordan,Patel,ELM02,4,2025-08-04,
100421,Jordan,Jones,ELM02,4,2025-08-04,
100422,Jordan,Smith,ELM02,5,2025-08-04,
100423,Finley,Thompson,ELM02,2,2025-08-04,
100424,Sage,Thompson,ELM02,K,2025-08-04,
100425,Avery,Hernandez,ELM02,3,2025-08-04,
100426,Skyler,Jones,ELM02,3,2025-08-04,
100427,Hayden,Thompson,ELM02,K,2025-08-04,
100428,Parker,Smith,ELM02,5,2025-08-04,
100429,Parker,Kim,ELM02,1,2025-08-04,
100430,Riley,Hernandez,ELM02,2,2025-08-04,2026-01-23
100431,Emerson,Thompson,ELM02,K,2025-08-04,
100432,Dakota,Lopez,ELM02,5,2025-08-04,
100433,Riley,Hernandez,ELM02,3,2025-08-04,
100434,Noel,Brown,ELM02,1,2025-08-04,
100435,Remy,Johnson,ELM02,K,2025-08-04,
100436,Sage,Smith,ELM02,4,2025-08-04,
100437,Hayden,Ali,ELM02,4,2025-08-04,
100438,Blake,Nguyen,ELM02,1,2025-08-04,
100439,Tatum,Thompson,ELM02,2,2025-08-04,
100440,Finley,Hernandez,ELM02,5,2025-08-04,
100441,Noel,Lopez,ELM02,4,2025-08-04,
100442,Tatum,Williams,ELM02,3,2025-08-04,
100443,Kai,Diaz,ELM02,K,2025-08-04,
100444,Quinn,Walker,ELM02,2,2025-08-04,
100445,Reese,Hernandez,ELM02,4,2025-12-18,
100446,Elliot,Lopez,ELM02,3,2025-08-04,
100447,Micah,Martinez,ELM02,4,2025-08-04,
100448,Sawyer,Martinez,ELM02,1,2025-08-04,
100449,Micah,Brown,ELM02,1,2025-08-04,
100450,Finley,Patel,ELM02,2,2025-08-04,
100451,Elliot,Garcia,ELM02,K,2025-08-04,
100452,Tatum,Brown,ELM02,5,2025-08-04,
100453,Riley,Walker,ELM02,5,2025-08-04,
100454,Hayden,Davis,ELM02,5,2025-08-04,
100455,Hayden,Lopez,ELM02,3,2025-08-04,
100456,Reese,Martinez,ELM02,4,2025-08-04,
100457,Sawyer,Brown,ELM02,K,2025-08-04,
100458,Parker,Rivera,ELM02,3,2025-08-04,
100459,Taylor,Robinson,ELM02,5,2025-08-04,
100460,Dakota,Williams,ELM02,2,2025-08-04,
100461,Kai,Johnson,ELM02,5,2025-08-04,
100462,Skyler,Lopez,ELM02,K,2025-08-04,
100463,Hayden,Kim,ELM02,1,2025-08-04,
100464,Sage,Davis,ELM02,1,2025-08-04,
100465,Blake,Brown,ELM02,3,2025-08-04,
100466,Taylor,Davis,ELM02,2,2025-08-04,
100467,Blake,Davis,ELM03,2,2025-08-04,
100468,Sage,Smith,ELM03,3,2025-08-04,
100469,Parker,Garcia,ELM03,1,2025-10-05,
100470,Morgan,Kim,ELM03,3,2025-08-04,
100471,Jordan,Chen,ELM03,3,2025-08-04,
100472,Blake,Nguyen,ELM03,4,2025-08-04,
100473,Blake,Chen,ELM03,1,2025-08-04,
100474,Noel,Okafor,ELM03,1,2025-08-04,
100475,Taylor,Carter,ELM03,3,2025-08-04,
100476,Kai,Lopez,ELM03,1,2025-08-04,
100477,Reese,Hernandez,ELM03,3,2025-08-04,
100478,Quinn,Walker,ELM03,1,2025-08-04,
100479,Blake,Jones,ELM03,4,2025-08-27,
100480,Dakota,Brown,ELM03,3,2025-08-04,
100481,Emerson,Johnson,ELM03,4,2025-08-04,
100482,Reese,Reyes,ELM03,K,2025-08-04,
100483,Elliot,Smith,ELM03,5,2025-10-03,
100484,Kai,Diaz,ELM03,1,2025-08-04,
100485,Casey,Nguyen,ELM03,1,2025-08-04,
100486,Skyler,Reyes,ELM03,2,2025-08-04,
100487,Sage,Reyes,ELM03,1,2025-08-04,
100488,Noel,Nguyen,ELM03,1,2025-08-04,
100489,Finley,Davis,ELM03,2,2025-08-04,
100490,Finley,Hernandez,ELM03,1,2025-08-04,
100491,Elliot,Robinson,ELM03,K,2025-08-04,
100492,Hayden,Davis,ELM03,K,2025-08-04,
100493,Reese,Garcia,ELM03,3,2025-08-04,
100494,Sawyer,Johnson,ELM03,K,2025-08-04,
100495,Taylor,Rivera,ELM03,4,2025-08-04,
100496,Kai,Lopez,ELM03,1,2025-08-04,
100497,Kai,Rivera,ELM03,2,2025-08-04,
100498,Jordan,Thompson,ELM03,3,2025-08-04,
100499,Reese,Thompson,ELM03,4,2025-08-04,
100500,Tatum,Williams,ELM03,3,2025-08-04,
100501,Emerson,Chen,ELM03,4,2025-08-04,
100502,Elliot,Brown,ELM03,1,2025-08-04,
100503,Taylor,Johnson,ELM03,5,2025-08-04,
100504,Micah,Carter,ELM03,3,2025-08-04,
100505,Parker,Singh,ELM03,4,2025-08-04,
100506,Morgan,Garcia,ELM03,5,2025-08-04,
100507,Micah,Williams,ELM03,4,2025-08-04,
100508,Noel,Martinez,ELM03,5,2025-08-04,
100509,Sawyer,Smith,ELM03,K,2025-08-04,
100510,Casey,Brown,ELM03,K,2025-08-04,
100511,Skyler,Robinson,ELM03,2,2025-08-04,
100512,Noel,Kim,ELM03,1,2025-08-04,
100513,Blake,Robinson,ELM03,4,2025-10-12,
100514,Emerson,Carter,ELM03,3,2025-08-04,
100515,Noel,Garcia,ELM03,K,2025-08-04,
100516,Elliot,Hernandez,ELM03,5,2025-08-04,
100517,Rowan,Hernandez,ELM03,1,2025-08-04,
100518,Quinn,Carter,ELM03,4,2025-08-04,
100519,Reese,Jones,ELM03,K,2025-08-04,
100520,Riley,Lopez,ELM03,5,2025-08-04,
100521,Remy,Okafor,ELM03,3,2025-08-04,
100522,Elliot,Walker,ELM03,1,2025-08-04,
100523,Jordan,Davis,ELM03,3,2025-10-10,
100524,Sage,Smith,ELM03,K,2025-08-04,
100525,Parker,Patel,ELM03,2,2025-08-04,
100526,Tatum,Thompson,ELM03,4,2025-08-04,
100527,Blake,Okafor,ELM03,5,2025-08-04,
100528,Taylor,Garcia,ELM03,5,2025-08-04,
100529,Quinn,Nguyen,ELM03,5,2025-08-04,
100530,Elliot,Patel,ELM03,2,2025-08-04,
100531,Finley,Brown,ELM03,1,2025-08-04,
100532,Elliot,Singh,ELM03,2,2025-08-04,
100533,Noel,Martinez,ELM03,1,2025-08-04,
100534,Casey,Diaz,ELM03,1,2025-08-04,
100535,Elliot,Rivera,ELM03,2,2025-08-04,
100536,Skyler,Garcia,ELM03,1,2025-08-04,
100537,Morgan,Smith,ELM03,K,2025-08-04,
100538,Sawyer,Singh,ELM03,3,2025-08-04,
100539,Emerson,Patel,ELM03,4,2025-08-04,
100540,Noel,Ali,ELM03,1,2025-08-04,
100541,Taylor,Smith,ELM03,1,2025-08-04,
100542,Sage,Johnson,ELM03,2,2025-08-04,
100543,Rowan,Robinson,ELM03,5,2025-08-04,
100544,Micah,Garcia,ELM03,4,2025-08-04,
100545,Micah,Robinson,ELM03,3,2025-08-04,
100546,Jordan,Walker,ELM03,2,2025-08-04,
100547,Jordan,Hernandez,ELM03,3,2025-08-04,
100548,Avery,Okafor,ELM03,2,2025-08-04,
100549,Hayden,Lopez,ELM03,3,2025-08-04,
100550,Tatum,Rivera,ELM03,5,2025-08-04,
100551,Taylor,Smith,ELM03,5,2025-08-04,
100552,Emerson,Smith,ELM03,4,2025-08-04,
100553,Emerson,Garcia,ELM03,3,2025-08-04,
100554,Taylor,Lopez,ELM03,3,2025-08-04,
100555,Dakota,Smith,ELM03,4,2025-08-04,
100556,Remy,Chen,ELM03,3,2025-08-04,2025-12-23
100557,Tatum,Okafor,ELM03,1,2025-08-04,
100558,Sage,Kim,ELM03,1,2025-08-04,
100559,Emerson,Singh,ELM03,3,2025-08-04,
100560,Hayden,Jones,ELM03,1,2025-08-04,
100561,Kai,Carter,ELM03,5,2025-08-04,
100562,Sage,Martinez,ELM03,4,2025-08-04,
100563,Casey,Nguyen,ELM03,3,2025-08-04,
100564,Tatum,Jones,ELM03,4,2025-08-04,
100565,Quinn,Patel,ELM03,3,2025-11-28,
100566,Parker,Ali,ELM03,5,2025-08-04,
100567,Tatum,Reyes,ELM03,1,2025-08-04,
100568,Riley,Johnson,ELM03,5,2025-08-04,
100569,Skyler,Johnson,ELM03,4,2025-08-04,
100570,Dakota,Hernandez,ELM03,3,2025-08-04,
100571,Reese,Reyes,ELM03,1,2025-08-04,
100572,Hayden,Nguyen,ELM03,3,2025-08-04,
100573,Taylor,Smith,ELM03,1,2025-08-04,
100574,Kai,Lopez,ELM03,3,2025-08-04,
100575,Emerson,Okafor,ELM03,3,2025-08-04,
100576,Rowan,Carter,ELM03,2,2025-08-04,
100577,Remy,Diaz,ELM03,5,2025-08-04,
100578,Parker,Thompson,ELM03,2,2025-08-04,
100579,Blake,Davis,ELM03,2,2025-08-04,
100580,Micah,Singh,ELM03,2,2025-08-04,
100581,Parker,Carter,ELM03,K,2025-08-04,
100582,Rowan,Nguyen,ELM03,5,2025-08-04,
100583,Finley,Smith,ELM03,K,2025-08-04,
100584,Parker,Okafor,ELM03,4,2025-08-04,
100585,Micah,Okafor,ELM03,1,2025-08-04,
100586,Dakota,Williams,ELM03,K,2025-08-04,
100587,Taylor,Brown,ELM03,2,2025-08-04,
100588,Avery,Kim,ELM03,2,2025-08-04,
100589,Reese,Singh,ELM03,3,2025-08-04,
100590,Elliot,Okafor,ELM03,K,2025-08-04,
100591,Reese,Garcia,ELM03,2,2025-08-04,
100592,Quinn,Chen,ELM03,K,2025-08-04,
100593,Avery,Johnson,ELM03,5,2025-08-04,
100594,Micah,Garcia,ELM03,1,2025-08-04,
100595,Blake,Johnson,ELM03,1,2025-08-04,
100596,Skyler,Nguyen,ELM03,4,2025-08-04,
100597,Morgan,Johnson,ELM03,4,2025-08-04,
100598,Sage,Patel,ELM03,3,2025-08-04,
100599,Jordan,Smith,ELM03,4,2025-08-04,
100600,Skyler,Johnson,ELM03,2,2025-08-04,
100601,Sage,Kim,ELM03,4,2025-08-04,
100602,Sage,Brown,ELM03,K,2025-08-04,2025-12-16
100603,Avery,Hernandez,ELM03,3,2025-08-04,
100604,Jordan,Patel,ELM03,4,2025-08-04,
100605,Riley,Garcia,ELM03,4,2025-08-04,
100606,Riley,Brown,ELM03,5,2025-08-04,
100607,Micah,Davis,ELM03,2,2025-08-04,
100608,Remy,Garcia,ELM03,2,2025-08-04,
100609,Sawyer,Nguyen,ELM03,5,2025-08-04,2025-10-22
100610,Sawyer,Chen,ELM03,K,2025-08-04,
100611,Casey,Okafor,ELM03,4,2025-08-04,
100612,Jordan,Garcia,ELM03,K,2025-08-04,
100613,Tatum,Chen,ELM03,3,2025-08-04,
100614,Dakota,Johnson,ELM03,1,2025-08-04,
100615,Taylor,Diaz,ELM03,5,2025-08-04,
100616,Hayden,Johnson,ELM03,4,2025-08-04,
100617,Quinn,Walker,ELM03,3,2025-08-04,
100618,Morgan,Robinson,ELM03,1,2025-08-04,
100619,Elliot,Chen,ELM03,K,2025-08-04,
100620,Skyler,Walker,ELM03,3,2025-08-04,
100621,Tatum,Walker,ELM03,5,2025-08-04,
100622,Jordan,Brown,ELM03,2,2025-08-04,
100623,Noel,Singh,ELM03,4,2025-08-04,
100624,Tatum,Jones,ELM03,K,2025-08-04,
100625,Blake,Kim,ELM03,4,2025-08-04,
100626,Skyler,Smith,ELM03,5,2025-08-04,
100627,Micah,Garcia,ELM03,2,2025-08-04,
100628,Reese,Okafor,ELM03,1,2025-08-04,
100629,Jordan,Diaz,ELM03,5,2025-08-04,
100630,Sawyer,Lopez,ELM03,2,2025-08-04,
100631,Avery,Patel,ELM03,1,2025-08-04,
100632,Avery,Lopez,ELM03,3,2025-08-04,
100633,Parker,Chen,ELM03,2,2025-08-04,
100634,Parker,Martinez,ELM03,2,2025-08-04,
100635,Tatum,Kim,ELM03,1,2025-08-04,
100636,Kai,Lopez,ELM03,1,2025-08-04,
100637,Blake,Garcia,ELM03,K,2025-08-04,
100638,Morgan,Thompson,ELM03,3,2025-08-04,
100639,Rowan,Garcia,ELM03,3,2025-08-04,
100640,Finley,Okafor,ELM03,4,2025-08-04,
100641,Parker,Okafor,ELM03,2,2025-09-15,
100642,Casey,Diaz,ELM03,2,2025-08-04,
100643,Emerson,Thompson,ELM03,K,2025-08-04,
100644,Finley,Johnson,ELM04,2,2025-08-04,
100645,Riley,Rivera,ELM04,3,2025-08-04,
100646,Elliot,Reyes,ELM04,3,2025-08-04,
100647,Parker,Patel,ELM04,3,2025-08-04,2025-09-13
100648,Emerson,Hernandez,ELM04,K,2025-08-04,
100649,Reese,Johnson,ELM04,4,2025-08-04,
100650,Emerson,Diaz,ELM04,5,2025-08-04,
100651,Rowan,Johnson,ELM04,4,2025-08-04,
100652,Emerson,Martinez,ELM04,3,2025-08-04,
100653,Sawyer,Williams,ELM04,K,2025-08-04,
100654,Taylor,Hernandez,ELM04,1,2025-08-04,
100655,Hayden,Chen,ELM04,4,2025-08-04,
100656,Quinn,Singh,ELM04,1,2025-08-04,
100657,Noel,Rivera,ELM04,1,2025-08-04,
100658,Remy,Jones,ELM04,5,2025-08-04,
100659,Taylor,Brown,ELM04,K,2025-08-04,
100660,Reese,Smith,ELM04,2,2025-08-04,
100661,Parker,Kim,ELM04,4,2025-08-04,
100662,Taylor,Lopez,ELM04,K,2025-08-04,
100663,Blake,Ali,ELM04,3,2025-08-04,
100664,Riley,Rivera,ELM04,K,2025-08-04,
100665,Jordan,Lopez,ELM04,3,2025-08-04,
100666,Kai,Smith,ELM04,3,2025-08-04,
100667,Quinn,Nguyen,ELM04,1,2025-08-04,
100668,Sage,Johnson,ELM04,K,2025-08-04,
100669,Emerson,Smith,ELM04,2,2025-08-04,
100670,Taylor,Chen,ELM04,1,2025-08-04,
100671,Remy,Lopez,ELM04,1,2025-08-04,
100672,Emerson,Walker,ELM04,5,2025-08-04,
100673,Riley,Carter,ELM04,5,2025-08-04,
100674,Reese,Lopez,ELM04,3,2025-08-04,
100675,Hayden,Carter,ELM04,3,2025-08-04,
100676,Dakota,Rivera,ELM04,5,2025-08-04,
100677,Elliot,Brown,ELM04,1,2025-08-04,
100678,Dakota,Brown,ELM04,5,2025-08-04,
100679,Emerson,Carter,ELM04,4,2025-08-04,
100680,Sawyer,Walker,ELM04,K,2025-08-04,
100681,Reese,Reyes,ELM04,5,2025-08-04,
100682,Taylor,Hernandez,ELM04,3,2025-08-04,
100683,Quinn,Singh,ELM04,K,2025-08-04,
100684,Jordan,Garcia,ELM04,K,2025-08-04,
100685,Riley,Diaz,ELM04,1,2025-08-04,
100686,Sage,Smith,ELM04,4,2025-08-04,
100687,Emerson,Davis,ELM04,4,2025-08-04,
100688,Noel,Kim,ELM04,5,2025-08-04,
100689,Remy,Williams,ELM04,5,2025-08-04,
100690,Sage,Smith,ELM04,2,2025-08-04,
100691,Quinn,Davis,ELM04,K,2025-08-04,
100692,Morgan,Williams,ELM04,2,2025-08-04,
100693,Noel,Robinson,ELM04,5,2025-08-04,
100694,Micah,Walker,ELM04,K,2025-08-04,
100695,Riley,Hernandez,ELM04,3,2025-08-04,
100696,Sage,Walker,ELM04,3,2025-08-04,
100697,Reese,Walker,ELM04,1,2025-08-04,
100698,Noel,Williams,ELM04,5,2025-08-04,
100699,Dakota,Singh,ELM04,3,2025-08-04,
100700,Hayden,Patel,ELM04,K,2025-08-04,
100701,Kai,Brown,ELM04,4,2025-08-04,
100702,Sage,Robinson,ELM04,K,2025-08-04,
100703,Sawyer,Singh,ELM04,3,2025-08-04,
100704,Kai,Robinson,ELM04,K,2025-08-04,
100705,Noel,Johnson,ELM04,5,2025-08-04,
100706,Blake,Garcia,ELM04,5,2025-11-30,
100707,Taylor,Okafor,ELM04,2,2025-08-04,
100708,Finley,Diaz,ELM04,1,2025-08-04,
100709,Emerson,Jones,ELM04,K,2025-08-04,
100710,Finley,Martinez,ELM04,2,2025-08-04,
100711,Finley,Singh,ELM04,1,2025-08-04,
100712,Blake,Ali,ELM04,K,2025-08-04,
100713,Morgan,Smith,ELM04,2,2025-08-04,
100714,Kai,Johnson,ELM04,5,2025-08-04,
100715,Noel,Robinson,ELM04,K,2025-08-04,
100716,Tatum,Kim,ELM04,3,2025-08-04,
100717,Blake,Williams,ELM04,3,2025-08-04,
100718,Tatum,Johnson,ELM04,1,2025-08-04,
100719,Hayden,Okafor,ELM04,5,2025-08-04,
100720,Hayden,Thompson,ELM04,1,2025-08-04,
100721,Elliot,Diaz,ELM04,3,2025-08-04,
100722,Dakota,Brown,ELM04,K,2025-08-04,
100723,Avery,Davis,ELM04,4,2025-08-04,
100724,Quinn,Garcia,ELM04,3,2025-08-04,
100725,Jordan,Walker,ELM04,4,2025-08-04,
100726,Quinn,Hernandez,ELM04,3,2025-08-04,
100727,Skyler,Johnson,ELM04,K,2025-08-04,
100728,Avery,Brown,ELM04,5,2025-08-04,
100729,Morgan,Lopez,ELM04,1,2025-08-04,
100730,Elliot,Diaz,ELM04,5,2025-08-04,
100731,Jordan,Hernandez,ELM04,2,2025-08-04,
100732,Quinn,Lopez,ELM04,5,2025-08-04,
100733,Parker,Garcia,ELM04,4,2025-08-04,
100734,Morgan,Rivera,ELM04,K,2025-08-04,
100735,Casey,Walker,ELM04,4,2025-09-10,
100736,Reese,Thompson,ELM04,4,2025-08-04,
100737,Dakota,Thompson,ELM04,4,2025-08-04,
100738,Quinn,Singh,ELM04,5,2025-08-04,
100739,Blake,Davis,ELM04,3,2025-08-04,
100740,Parker,Lopez,ELM04,1,2025-08-04,
100741,Finley,Walker,ELM04,5,2025-08-04,
100742,Sage,Garcia,ELM04,5,2025-08-04,
100743,Finley,Chen,ELM04,5,2025-08-04,
100744,Rowan,Nguyen,ELM04,1,2025-08-04,
100745,Jordan,Diaz,ELM04,1,2025-08-04,
100746,Quinn,Reyes,ELM04,K,2025-08-04,
100747,Casey,Brown,ELM04,4,2025-08-04,
100748,Avery,Okafor,ELM04,4,2025-08-04,
100749,Riley,Smith,ELM04,4,2025-08-04,
100750,Blake,Thompson,ELM04,1,2025-08-04,
100751,Hayden,Reyes,ELM04,4,2025-08-04,
100752,Elliot,Nguyen,ELM04,3,2025-08-04,
100753,Emerson,Davis,ELM04,K,2025-08-04,
100754,Noel,Kim,ELM04,3,2025-08-04,2025-11-08
100755,Rowan,Chen,ELM04,3,2025-08-04,
100756,Sawyer,Ali,ELM04,2,2025-08-04,
100757,Casey,Martinez,ELM04,4,2025-08-04,
100758,Quinn,Davis,ELM04,3,2025-08-04,
100759,Casey,Carter,ELM04,3,2025-08-04,
100760,Reese,Lopez,ELM04,K,2025-08-04,
100761,Elliot,Okafor,ELM04,5,2025-08-04,
100762,Taylor,Martinez,ELM04,K,2025-08-04,
100763,Noel,Carter,ELM04,4,2025-08-04,
100764,Finley,Johnson,ELM04,1,2025-08-04,
100765,Sawyer,Okafor,ELM04,4,2025-08-04,
100766,Jordan,Williams,ELM04,1,2025-08-04,
100767,Reese,Williams,ELM04,5,2025-08-04,
100768,Kai,Patel,ELM04,4,2025-08-04,
100769,Skyler,Kim,ELM04,4,2025-08-04,
100770,Emerson,Okafor,ELM04,2,2025-08-04,
100771,Noel,Robinson,ELM04,1,2025-08-04,
100772,Blake,Chen,ELM04,5,2025-08-04,
100773,Reese,Thompson,ELM04,K,2025-08-04,
100774,Micah,Diaz,ELM04,5,2025-08-04,
100775,Sawyer,Patel,ELM04,2,2025-08-04,
100776,Kai,Jones,ELM04,1,2025-08-04,2026-03-25
100777,Parker,Lopez,ELM04,K,2025-08-04,
100778,Avery,Johnson,ELM04,5,2025-08-04,
100779,Reese,Walker,ELM04,K,2025-08-04,
100780,Morgan,Williams,ELM04,1,2025-08-04,
100781,Taylor,Brown,ELM04,1,2025-08-04,
100782,Reese,Reyes,ELM04,2,2025-08-04,
100783,Avery,Smith,ELM04,2,2025-08-04,
100784,Tatum,Lopez,ELM04,1,2025-08-04,
100785,Sage,Walker,ELM04,1,2025-08-04,
100786,Parker,Reyes,ELM04,K,2025-08-04,
100787,Skyler,Rivera,ELM04,5,2025-08-04,
100788,Jordan,Jones,ELM04,K,2025-08-04,
100789,Finley,Carter,ELM04,3,2025-08-04,
100790,Quinn,Robinson,ELM04,K,2025-08-04,
100791,Jordan,Okafor,ELM04,4,2025-08-04,
100792,Riley,Hernandez,ELM04,K,2025-08-04,2025-12-02
100793,Skyler,Patel,ELM04,4,2025-08-04,
100794,Micah,Brown,ELM04,K,2025-08-04,
100795,Sawyer,Ali,ELM04,4,2025-08-04,
100796,Jordan,Davis,ELM04,2,2025-08-04,
100797,Reese,Martinez,ELM04,1,2025-08-04,
100798,Sage,Robinson,ELM04,3,2025-08-04,
100799,Kai,Smith,ELM04,3,2025-08-04,
100800,Riley,Hernandez,ELM04,K,2025-08-04,
100801,Dakota,Ali,ELM04,K,2025-08-04,
100802,Finley,Diaz,ELM04,4,2025-08-04,
100803,Emerson,Reyes,ELM04,K,2025-08-04,
100804,Tatum,Lopez,ELM04,K,2025-08-04,
100805,Finley,Martinez,ELM04,4,2025-08-04,
100806,Finley,Martinez,ELM04,1,2025-08-04,
100807,Blake,Reyes,ELM04,1,2025-12-09,
100808,Skyler,Okafor,ELM04,1,2025-08-04,
100809,Emerson,Hernandez,ELM04,3,2025-08-04,
100810,Elliot,Hernandez,ELM04,1,2025-08-04,
100811,Finley,Robinson,ELM04,5,2025-08-04,
100812,Avery,Hernandez,ELM04,2,2025-08-04,
100813,Quinn,Garcia,ELM04,5,2025-08-04,
100814,Avery,Patel,ELM04,5,2025-08-04,
100815,Sage,Nguyen,ELM04,5,2025-08-04,2025-10-15
100816,Sage,Martinez,ELM04,3,2025-08-04,
100817,Dakota,Reyes,ELM04,3,2025-08-04,
100818,Morgan,Chen,ELM04,2,2025-08-04,
100819,Finley,Okafor,ELM04,5,2025-08-04,
100820,Morgan,Jones,ELM04,2,2025-08-04,
100821,Finley,Robinson,ELM04,2,2025-08-04,
100822,Sawyer,Martinez,ELM04,5,2025-08-04,
100823,Finley,Chen,ELM04,5,2025-08-04,
100824,Sawyer,Brown,ELM04,2,2025-08-04,
100825,Hayden,Carter,ELM04,K,2025-08-04,
100826,Elliot,Walker,ELM04,1,2025-08-04,
100827,Noel,Johnson,ELM04,3,2025-08-04,
100828,Morgan,Nguyen,ELM04,1,2025-08-04,
100829,Quinn,Thompson,ELM04,1,2025-08-04,
100830,Casey,Johnson,ELM04,3,2025-08-04,
100831,Riley,Smith,ELM04,5,2025-08-04,
100832,Remy,Jones,ELM04,4,2025-08-04,
100833,Riley,Thompson,ELM04,K,2025-08-04,
100834,Micah,Kim,ELM04,1,2025-08-04,
100835,Noel,Robinson,ELM04,2,2025-08-04,
100836,Sage,Brown,ELM04,4,2025-08-04,
100837,Jordan,Chen,ELM04,K,2025-08-04,
100838,Jordan,Davis,ELM04,5,2025-08-04,
100839,Sawyer,Patel,ELM04,5,2025-08-04,
100840,Dakota,Singh,ELM04,4,2025-08-04,
100841,Remy,Kim,ELM04,K,2025-08-04,
100842,Sage,Robinson,ELM04,1,2025-08-04,
100843,Kai,Williams,ELM04,5,2025-08-04,
100844,Rowan,Ali,ELM04,K,2025-08-04,
100845,Quinn,Brown,ELM04,5,2025-08-04,
100846,Sawyer,Martinez,ELM04,1,2025-08-04,
100847,Rowan,Martinez,ELM04,4,2025-08-04,
100848,Micah,Walker,ELM04,3,2025-08-04,
100849,Morgan,Williams,ELM04,2,2025-08-04,
100850,Sawyer,Chen,ELM04,1,2025-08-04,
100851,Sawyer,Kim,ELM04,4,2025-08-04,
100852,Parker,Johnson,ELM04,5,2025-08-04,
100853,Skyler,Brown,ELM04,1,2025-08-04,
100854,Dakota,Garcia,ELM04,4,2025-08-04,
100855,Sawyer,Ali,ELM04,4,2025-08-04,
100856,Rowan,Rivera,ELM04,5,2025-08-04,
100857,Blake,Lopez,ELM04,4,2025-08-04,
100858,Taylor,Brown,ELM04,K,2025-08-04,
100859,Noel,Chen,ELM04,2,2025-08-04,
100860,Skyler,Lopez,ELM04,3,2025-08-04,
100861,Remy,Lopez,ELM04,1,2025-11-22,
100862,Remy,Singh,ELM04,1,2025-08-04,
100863,Finley,Brown,ELM04,3,2025-08-04,
100864,Sage,Martinez,ELM04,K,2025-08-04,
100865,Parker,Carter,ELM04,1,2025-08-04,
100866,Avery,Diaz,ELM04,K,2025-08-04,
100867,Micah,Thompson,ELM04,1,2025-08-04,
100868,Kai,Patel,ELM04,5,2025-08-04,
100869,Kai,Singh,ELM04,4,2025-08-04,
100870,Skyler,Martinez,ELM04,K,2025-08-04,
100871,Taylor,Robinson,ELM04,K,2025-08-04,
100872,Micah,Nguyen,ELM04,3,2025-08-04,
100873,Noel,Garcia,ELM04,1,2025-08-04,
100874,Blake,Robinson,ELM04,4,2025-08-04,
100875,Casey,Diaz,ELM04,3,2025-08-04,2026-02-28
100876,Noel,Johnson,ELM04,5,2025-08-04,
100877,Riley,Carter,ELM04,3,2025-08-04,
100878,Hayden,Brown,ELM04,3,2025-08-04,
100879,Riley,Okafor,ELM04,5,2025-08-04,
100880,Micah,Rivera,ELM04,1,2025-08-04,
100881,Parker,Nguyen,ELM05,2,2025-08-04,
100882,Avery,Martinez,ELM05,4,2025-08-04,
100883,Sawyer,Lopez,ELM05,1,2025-08-04,
100884,Quinn,Davis,ELM05,5,2025-08-04,
100885,Tatum,Diaz,ELM05,K,2025-11-20,
100886,Jordan,Brown,ELM05,2,2025-08-04,
100887,Sawyer,Chen,ELM05,5,2025-08-04,
100888,Noel,Garcia,ELM05,3,2025-08-04,
100889,Dakota,Lopez,ELM05,K,2025-08-04,
100890,Sawyer,Reyes,ELM05,5,2025-08-04,
100891,Dakota,Robinson,ELM05,1,2025-08-04,
100892,Skyler,Robinson,ELM05,5,2025-08-04,
100893,Blake,Brown,ELM05,2,2025-08-04,
100894,Skyler,Reyes,ELM05,5,2025-08-04,
100895,Reese,Chen,ELM05,2,2025-08-04,
100896,Parker,Davis,ELM05,2,2025-08-04,
100897,Tatum,Hernandez,ELM05,2,2025-08-04,
100898,Noel,Brown,ELM05,4,2025-08-04,
100899,Skyler,Nguyen,ELM05,K,2025-08-04,
100900,Quinn,Kim,ELM05,4,2025-08-04,
100901,Finley,Martinez,ELM05,3,2025-08-04,
100902,Jordan,Kim,ELM05,4,2025-08-04,
100903,Casey,Lopez,ELM05,5,2025-08-04,
100904,Casey,Garcia,ELM05,K,2025-08-04,
100905,Quinn,Chen,ELM05,3,2025-08-04,
100906,Avery,Johnson,ELM05,1,2025-08-04,
100907,Riley,Rivera,ELM05,3,2025-08-04,
100908,Rowan,Ali,ELM05,5,2025-08-04,
100909,Casey,Singh,ELM05,5,2025-08-04,
100910,Avery,Reyes,ELM05,2,2025-08-04,
100911,Finley,Lopez,ELM05,4,2025-08-04,
100912,Morgan,Robinson,ELM05,4,2025-08-04,
100913,Avery,Walker,ELM05,4,2025-08-04,
100914,Taylor,Thompson,ELM05,K,2025-08-04,
100915,Casey,Thompson,ELM05,5,2025-08-04,
100916,Riley,Jones,ELM05,2,2025-08-04,
100917,Finley,Okafor,ELM05,5,2025-08-04,
100918,Noel,Jones,ELM05,5,2025-08-04,
100919,Kai,Kim,ELM05,5,2025-08-04,
100920,Riley,Brown,ELM05,2,2025-08-04,
100921,Finley,Okafor,ELM05,1,2025-08-04,
100922,Remy,Reyes,ELM05,1,2025-08-04,
100923,Parker,Kim,ELM05,2,2025-08-04,
100924,Sage,Reyes,ELM05,5,2025-08-04,
100925,Taylor,Williams,ELM05,K,2025-08-04,
100926,Micah,Garcia,ELM05,4,2025-08-04,
100927,Tatum,Kim,ELM05,3,2025-08-04,
100928,Casey,Thompson,ELM05,2,2025-08-04,
100929,Sage,Smith,ELM05,1,2025-08-04,
100930,Quinn,Davis,ELM05,4,2025-08-04,
100931,Tatum,Okafor,ELM05,1,2025-08-04,
100932,Casey,Lopez,ELM05,4,2025-08-04,
100933,Parker,Diaz,ELM05,K,2025-08-04,
100934,Micah,Singh,ELM05,2,2025-08-04,
100935,Sawyer,Smith,ELM05,3,2025-08-04,
100936,Kai,Robinson,ELM05,K,2025-08-04,
100937,Emerson,Patel,ELM05,1,2025-08-04,
100938,Kai,Chen,ELM05,5,2025-08-04,
100939,Morgan,Diaz,ELM05,K,2025-08-04,
100940,Finley,Chen,ELM05,5,2025-08-04,
100941,Parker,Diaz,ELM05,2,2025-08-04,
100942,Elliot,Walker,ELM05,4,2025-08-04,
100943,Riley,Robinson,ELM05,2,2025-08-04,
100944,Jordan,Jones,ELM05,K,2025-08-04,
100945,Noel,Singh,ELM05,1,2025-08-04,2025-10-15
100946,Emerson,Williams,ELM05,5,2025-08-04,
100947,Emerson,Robinson,ELM05,4,2025-08-04,
100948,Casey,Smith,ELM05,2,2025-08-04,
100949,Skyler,Garcia,ELM05,5,2025-08-04,
100950,Remy,Nguyen,ELM05,K,2025-08-04,
100951,Remy,Davis,ELM05,3,2025-08-04,
100952,Rowan,Lopez,ELM05,4,2025-08-04,
100953,Morgan,Robinson,ELM05,3,2025-08-04,
100954,Micah,Thompson,ELM05,K,2025-08-04,
100955,Finley,Johnson,ELM05,2,2025-08-04,
100956,Noel,Jones,ELM05,2,2025-08-04,
100957,Blake,Walker,ELM05,2,2025-08-04,
100958,Parker,Carter,ELM05,K,2025-08-04,
100959,Casey,Williams,ELM05,2,2025-08-04,
100960,Quinn,Rivera,ELM05,1,2025-08-04,
100961,Taylor,Hernandez,ELM05,4,2025-08-04,
100962,Blake,Martinez,ELM05,3,2025-08-04,
100963,Dakota,Diaz,ELM05,3,2025-08-04,
100964,Jordan,Nguyen,ELM05,1,2025-08-04,
100965,Reese,Brown,ELM05,1,2025-08-04,
100966,Morgan,Williams,ELM05,5,2025-08-04,2025-11-30
100967,Sage,Diaz,ELM05,2,2025-08-04,
100968,Skyler,Diaz,ELM05,K,2025-10-01,
100969,Sawyer,Brown,ELM05,1,2025-08-04,2026-01-07
100970,Noel,Jones,ELM05,2,2025-08-04,
100971,Hayden,Davis,ELM05,K,2025-08-04,
100972,Reese,Nguyen,ELM05,K,2025-08-04,
100973,Jordan,Reyes,ELM05,5,2025-08-04,
100974,Reese,Johnson,ELM05,1,2025-08-04,
100975,Elliot,Nguyen,ELM05,3,2025-08-04,
100976,Taylor,Smith,ELM05,2,2025-08-04,
100977,Skyler,Thompson,ELM05,4,2025-08-04,
100978,Parker,Martinez,ELM05,3,2025-08-04,
100979,Skyler,Robinson,ELM05,2,2025-08-04,
100980,Parker,Rivera,ELM05,1,2025-11-25,
100981,Noel,Brown,ELM05,1,2025-08-04,
100982,Jordan,Walker,ELM05,3,2025-08-04,
100983,Rowan,Lopez,ELM05,2,2025-08-04,
100984,Riley,Walker,ELM05,K,2025-08-04,
100985,Micah,Thompson,ELM05,4,2025-08-04,
100986,Kai,Rivera,ELM05,3,2025-08-04,2025-09-13
100987,Finley,Reyes,ELM05,4,2025-08-04,2025-10-19
100988,Morgan,Brown,ELM05,K,2025-08-04,2025-11-26
100989,Skyler,Williams,ELM05,K,2025-08-04,
100990,Finley,Davis,ELM05,3,2025-08-04,
100991,Morgan,Thompson,ELM05,1,2025-11-22,
100992,Jordan,Hernandez,ELM05,2,2025-08-04,
100993,Quinn,Williams,ELM05,4,2025-08-04,
100994,Rowan,Chen,ELM05,3,2025-08-04,
100995,Finley,Kim,ELM05,1,2025-08-24,
100996,Sawyer,Garcia,ELM05,1,2025-08-04,2026-02-21
100997,Elliot,Reyes,ELM05,2,2025-08-04,
100998,Remy,Chen,ELM05,4,2025-08-04,
100999,Sawyer,Martinez,ELM05,2,2025-08-04,
101000,Remy,Singh,ELM05,2,2025-08-04,
101001,Elliot,Patel,ELM05,2,2025-08-04,
101002,Tatum,Thompson,ELM05,4,2025-08-04,2025-10-01
101003,Jordan,Lopez,ELM05,4,2025-08-04,
101004,Sawyer,Hernandez,ELM05,1,2025-08-04,
101005,Casey,Williams,ELM05,5,2025-08-04,
101006,Quinn,Reyes,ELM05,1,2025-08-04,
101007,Hayden,Chen,ELM05,1,2025-08-04,
101008,Kai,Lopez,ELM05,3,2025-08-04,
101009,Blake,Chen,ELM05,4,2025-08-04,
101010,Finley,Smith,ELM05,1,2025-08-04,
101011,Rowan,Williams,ELM05,3,2025-08-04,
101012,Finley,Singh,ELM05,5,2025-08-04,
101013,Hayden,Carter,ELM05,K,2025-08-04,
101014,Dakota,Diaz,ELM05,4,2025-08-04,
101015,Blake,Hernandez,ELM05,4,2025-08-04,
101016,Skyler,Nguyen,ELM05,3,2025-08-04,
101017,Micah,Davis,ELM05,K,2025-08-04,
101018,Noel,Nguyen,ELM05,2,2025-08-04,
101019,Kai,Kim,ELM05,5,2025-08-04,
101020,Quinn,Johnson,ELM05,2,2025-08-04,
101021,Morgan,Robinson,ELM05,5,2025-08-04,2026-03-05
101022,Blake,Kim,ELM05,3,2025-08-04,
101023,Micah,Johnson,ELM05,3,2025-08-22,
101024,Dakota,Patel,ELM05,4,2025-08-04,
101025,Sage,Diaz,ELM05,3,2025-08-04,
101026,Blake,Kim,ELM05,1,2025-08-04,
101027,Dakota,Diaz,ELM05,3,2025-08-04,
101028,Finley,Walker,ELM05,4,2025-08-04,
101029,Sawyer,Johnson,ELM05,4,2025-08-04,
101030,Jordan,Hernandez,ELM05,4,2025-08-04,
101031,Blake,Robinson,ELM05,5,2025-08-04,
101032,Kai,Thompson,ELM05,1,2025-08-04,
101033,Noel,Carter,ELM05,5,2025-08-04,2026-03-08
101034,Parker,Ali,ELM05,2,2025-08-04,
101035,Finley,Smith,ELM05,3,2025-08-04,
101036,Sage,Thompson,ELM05,K,2025-08-04,
101037,Dakota,Smith,ELM05,5,2025-08-04,
101038,Hayden,Carter,ELM05,2,2025-08-04,
101039,Tatum,Reyes,ELM05,2,2025-08-04,
101040,Jordan,Brown,ELM05,2,2025-08-04,
101041,Finley,Johnson,ELM05,K,2025-08-04,
101042,Sage,Robinson,ELM05,1,2025-08-04,
101043,Elliot,Ali,ELM05,4,2025-08-04,
101044,Parker,Okafor,ELM05,3,2025-08-04,
101045,Tatum,Hernandez,ELM05,1,2025-08-04,
101046,Taylor,Thompson,ELM05,4,2025-08-04,
101047,Skyler,Diaz,ELM05,2,2025-08-04,
101048,Avery,Jones,ELM05,K,2025-08-04,
101049,Sage,Walker,ELM05,1,2025-08-04,
101050,Skyler,Chen,ELM05,5,2025-08-04,
101051,Riley,Thompson,ELM05,3,2025-08-04,
101052,Morgan,Hernandez,ELM05,4,2025-08-04,
101053,Skyler,Thompson,ELM05,K,2025-08-04,
101054,Micah,Nguyen,ELM05,3,2025-08-04,
101055,Kai,Smith,ELM05,2,2025-08-04,
101056,Skyler,Carter,ELM05,1,2025-08-04,
101057,Sawyer,Chen,ELM05,4,2025-08-04,
101058,Finley,Martinez,ELM05,1,2025-08-04,
101059,Dakota,Chen,ELM05,3,2025-08-04,
101060,Noel,Nguyen,ELM05,5,2025-08-04,
101061,Morgan,Kim,ELM05,2,2025-08-04,
101062,Remy,Ali,ELM05,5,2025-08-04,
101063,Tatum,Johnson,ELM05,4,2025-08-04,
101064,Finley,Williams,ELM05,4,2025-08-04,2025-10-11
101065,Skyler,Diaz,ELM05,2,2025-08-04,
101066,Casey,Walker,ELM05,3,2025-08-04,
101067,Jordan,Hernandez,ELM05,1,2025-08-04,
101068,Skyler,Williams,ELM05,5,2025-08-04,
101069,Casey,Robinson,ELM05,5,2025-08-04,
101070,Remy,Ali,ELM05,K,2025-08-04,
101071,Noel,Lopez,ELM05,3,2025-08-04,
101072,Micah,Davis,ELM05,1,2025-08-04,
101073,Dakota,Hernandez,ELM05,2,2025-08-04,
101074,Hayden,Robinson,ELM05,4,2025-08-04,
101075,Emerson,Reyes,ELM05,5,2025-08-04,
101076,Finley,Kim,ELM05,K,2025-08-04,
101077,Finley,Chen,ELM05,K,2025-08-04,
101078,Sage,Lopez,ELM05,3,2025-08-04,
101079,Tatum,Brown,ELM05,1,2025-08-04,
101080,Taylor,Hernandez,ELM05,2,2025-08-04,
101081,Taylor,Jones,ELM05,5,2025-08-04,
101082,Rowan,Robinson,ELM05,1,2025-08-04,
101083,Remy,Martinez,ELM05,5,2025-08-04,
101084,Finley,Smith,ELM05,4,2025-08-04,
101085,Skyler,Carter,ELM05,K,2025-08-04,
101086,Rowan,Chen,ELM05,3,2025-08-04,
101087,Remy,Thompson,ELM05,2,2025-08-04,
101088,Quinn,Martinez,ELM05,K,2025-08-04,
101089,Remy,Davis,ELM05,1,2025-08-04,
101090,Taylor,Garcia,ELM05,4,2025-08-04,
101091,Remy,Jones,ELM05,4,2025-08-04,
101092,Elliot,Patel,ELM05,4,2025-08-04,
101093,Morgan,Okafor,ELM05,5,2025-08-04,
101094,Elliot,Brown,ELM05,4,2025-08-18,
101095,Tatum,Smith,ELM05,4,2025-08-04,
101096,Jordan,Singh,ELM05,1,2025-08-04,
101097,Sawyer,Nguyen,ELM05,1,2025-08-04,
101098,Hayden,Diaz,ELM05,5,2025-08-04,
101099,Emerson,Garcia,ELM05,K,2025-08-04,
101100,Emerson,Johnson,ELM05,4,2025-08-04,
101101,Skyler,Smith,ELM05,4,2025-08-04,
101102,Emerson,Jones,ELM06,4,2025-08-04,
101103,Emerson,Patel,ELM06,K,2025-08-04,
101104,Parker,Chen,ELM06,K,2025-08-04,
101105,Remy,Chen,ELM06,1,2025-08-04,
101106,Tatum,Patel,ELM06,3,2025-08-04,
101107,Hayden,Jones,ELM06,K,2025-08-04,
101108,Hayden,Singh,ELM06,3,2025-08-04,
101109,Morgan,Carter,ELM06,3,2025-08-04,
101110,Jordan,Kim,ELM06,K,2025-08-04,
101111,Hayden,Chen,ELM06,2,2025-08-04,
101112,Emerson,Garcia,ELM06,2,2025-08-04,
101113,Sage,Singh,ELM06,2,2025-08-04,
101114,Sage,Smith,ELM06,2,2025-08-04,
101115,Casey,Davis,ELM06,2,2025-08-04,
101116,Reese,Singh,ELM06,4,2025-08-04,
101117,Micah,Williams,ELM06,3,2025-08-04,
101118,Jordan,Smith,ELM06,2,2025-08-04,
101119,Morgan,Okafor,ELM06,K,2025-08-04,
101120,Finley,Walker,ELM06,K,2025-08-04,
101121,Emerson,Singh,ELM06,5,2025-08-04,
101122,Quinn,Thompson,ELM06,5,2025-08-04,
101123,Avery,Reyes,ELM06,5,2025-08-04,
101124,Elliot,Carter,ELM06,2,2025-08-04,
101125,Kai,Rivera,ELM06,K,2025-10-11,
101126,Tatum,Diaz,ELM06,3,2025-08-04,
101127,Tatum,Carter,ELM06,K,2025-08-04,
101128,Dakota,Okafor,ELM06,3,2025-08-04,
101129,Hayden,Nguyen,ELM06,3,2025-08-04,
101130,Jordan,Williams,ELM06,2,2025-08-04,
101131,Emerson,Rivera,ELM06,4,2025-08-04,
101132,Dakota,Reyes,ELM06,1,2025-08-04,
101133,Riley,Walker,ELM06,3,2025-08-04,
101134,Sage,Martinez,ELM06,1,2025-08-04,
101135,Dakota,Jones,ELM06,1,2025-08-04,
101136,Reese,Patel,ELM06,4,2025-08-04,
101137,Skyler,Lopez,ELM06,1,2025-08-04,
101138,Finley,Okafor,ELM06,4,2025-08-04,
101139,Casey,Martinez,ELM06,4,2025-08-04,
101140,Rowan,Garcia,ELM06,5,2025-08-04,
101141,Dakota,Johnson,ELM06,1,2025-08-04,
101142,Kai,Chen,ELM06,K,2025-08-04,
101143,Noel,Johnson,ELM06,2,2025-08-04,
101144,Parker,Chen,ELM06,5,2025-08-04,
101145,Taylor,Martinez,ELM06,3,2025-08-04,
101146,Emerson,Smith,ELM06,2,2025-08-04,
101147,Elliot,Rivera,ELM06,3,2025-08-04,
101148,Blake,Ali,ELM06,2,2025-08-04,
101149,Micah,Reyes,ELM06,4,2025-08-04,
101150,Sage,Reyes,ELM06,K,2025-08-04,
101151,Morgan,Johnson,ELM06,K,2025-08-04,
101152,Quinn,Ali,ELM06,K,2025-08-04,
101153,Noel,Singh,ELM06,3,2025-08-04,
101154,Noel,Chen,ELM06,1,2025-11-05,
101155,Sawyer,Ali,ELM06,1,2025-08-04,
101156,Dakota,Patel,ELM06,1,2025-08-04,
101157,Remy,Rivera,ELM06,3,2025-08-04,2026-01-31
101158,Emerson,Patel,ELM06,4,2025-08-04,
101159,Tatum,Rivera,ELM06,5,2025-08-04,
101160,Remy,Reyes,ELM06,4,2025-08-04,
101161,Noel,Smith,ELM06,5,2025-08-04,
101162,Blake,Williams,ELM06,4,2025-08-04,
101163,Avery,Davis,ELM06,5,2025-08-04,
101164,Hayden,Kim,ELM06,1,2025-08-04,
101165,Riley,Nguyen,ELM06,2,2025-08-04,
101166,Morgan,Rivera,ELM06,1,2025-08-04,
101167,Kai,Jones,ELM06,4,2025-08-04,
101168,Sawyer,Chen,ELM06,K,2025-08-04,
101169,Emerson,Robinson,ELM06,5,2025-08-04,
101170,Emerson,Ali,ELM06,2,2025-08-04,
101171,Tatum,Garcia,ELM06,5,2025-08-04,
101172,Parker,Thompson,ELM06,3,2025-08-04,
101173,Finley,Johnson,ELM06,2,2025-08-04,
101174,Remy,Thompson,ELM06,1,2025-08-04,2026-01-19
101175,Casey,Thompson,ELM06,K,2025-08-04,
101176,Taylor,Lopez,ELM06,1,2025-08-04,
101177,Casey,Williams,ELM06,1,2025-11-14,
101178,Remy,Williams,ELM06,1,2025-08-04,
101179,Finley,Robinson,ELM06,2,2025-08-04,
101180,Sawyer,Johnson,ELM06,5,2025-08-04,
101181,Remy,Okafor,ELM06,1,2025-08-04,
101182,Reese,Johnson,ELM06,3,2025-08-04,
101183,Elliot,Kim,ELM06,5,2025-08-04,
101184,Elliot,Walker,ELM06,4,2025-08-04,
101185,Tatum,Kim,ELM06,4,2025-08-04,
101186,Emerson,Reyes,ELM06,4,2025-08-04,
101187,Blake,Thompson,ELM06,5,2025-08-04,
101188,Jordan,Garcia,ELM06,2,2025-08-04,
101189,Tatum,Singh,ELM06,5,2025-08-04,
101190,Casey,Rivera,ELM06,K,2025-08-04,
101191,Dakota,Walker,ELM06,5,2025-08-04,
101192,Blake,Okafor,ELM06,4,2025-08-04,
101193,Remy,Smith,ELM06,K,2025-08-04,
101194,Hayden,Robinson,ELM06,2,2025-08-04,
101195,Tatum,Chen,ELM06,3,2025-08-04,
101196,Avery,Davis,ELM06,5,2025-08-04,
101197,Kai,Williams,ELM06,2,2025-08-04,
101198,Quinn,Nguyen,ELM06,5,2025-08-04,
101199,Sage,Smith,ELM06,5,2025-08-04,
101200,Kai,Hernandez,ELM06,4,2025-08-04,
101201,Morgan,Nguyen,ELM06,K,2025-08-04,
101202,Casey,Nguyen,ELM06,3,2025-08-04,
101203,Casey,Jones,ELM06,5,2025-08-04,
101204,Rowan,Johnson,ELM06,3,2025-08-04,
101205,Sage,Jones,ELM06,4,2025-08-04,
101206,Elliot,Robinson,ELM06,4,2025-08-04,
101207,Quinn,Walker,ELM06,1,2025-08-04,
101208,Elliot,Smith,ELM06,4,2025-08-04,
101209,Remy,Rivera,ELM06,5,2025-08-04,
101210,Sage,Diaz,ELM06,3,2025-08-04,
101211,Parker,Reyes,ELM06,4,2025-08-04,
101212,Reese,Walker,ELM06,5,2025-08-04,
101213,Emerson,Ali,ELM06,1,2025-08-04,
101214,Jordan,Johnson,ELM06,3,2025-08-04,
101215,Micah,Williams,ELM06,4,2025-08-04,
101216,Parker,Walker,ELM06,1,2025-08-04,
101217,Dakota,Garcia,ELM06,1,2025-08-04,
101218,Jordan,Patel,ELM06,2,2025-08-04,
101219,Hayden,Hernandez,ELM06,5,2025-08-04,
101220,Skyler,Martinez,ELM06,K,2025-08-04,
101221,Casey,Chen,ELM06,1,2025-08-04,
101222,Micah,Brown,ELM06,5,2025-08-04,
101223,Hayden,Okafor,ELM06,3,2025-08-04,
101224,Taylor,Carter,ELM06,1,2025-08-04,
101225,Kai,Patel,ELM06,4,2025-08-04,
101226,Sage,Brown,ELM06,K,2025-08-04,
101227,Casey,Nguyen,ELM06,K,2025-08-04,
101228,Dakota,Rivera,ELM06,1,2025-08-04,
101229,Finley,Davis,ELM06,5,2025-08-04,
101230,Dakota,Okafor,ELM06,1,2025-08-04,
101231,Casey,Patel,ELM06,5,2025-08-04,
101232,Blake,Martinez,ELM06,2,2025-08-04,
101233,Remy,Thompson,ELM06,3,2025-08-04,
101234,Hayden,Kim,ELM06,2,2025-08-04,
101235,Finley,Patel,ELM06,3,2025-08-04,
101236,Jordan,Patel,ELM06,2,2025-08-04,
101237,Riley,Walker,ELM06,3,2025-08-04,
101238,Casey,Johnson,ELM06,4,2025-08-04,
101239,Sawyer,Garcia,ELM06,5,2025-08-04,
101240,Dakota,Chen,ELM06,3,2025-08-04,
101241,Taylor,Robinson,ELM06,5,2025-08-04,
101242,Rowan,Martinez,ELM06,K,2025-08-04,
101243,Skyler,Williams,ELM06,K,2025-08-04,
101244,Hayden,Reyes,ELM06,3,2025-08-04,2025-09-23
101245,Reese,Diaz,ELM06,1,2025-08-04,
101246,Riley,Nguyen,ELM06,2,2025-08-04,
101247,Jordan,Carter,ELM06,5,2025-08-04,
101248,Parker,Smith,ELM06,4,2025-08-04,
101249,Noel,Robinson,ELM06,1,2025-08-04,
101250,Micah,Diaz,ELM06,3,2025-08-04,
101251,Blake,Brown,ELM06,2,2025-08-04,
101252,Avery,Ali,ELM06,K,2025-08-04,
101253,Avery,Davis,ELM06,3,2025-08-04,
101254,Tatum,Walker,ELM06,1,2025-08-04,
101255,Taylor,Carter,ELM06,K,2025-08-04,
101256,Elliot,Smith,ELM06,3,2025-08-04,
101257,Sage,Johnson,ELM06,3,2025-08-04,
101258,Jordan,Chen,ELM06,5,2025-08-24,
101259,Riley,Rivera,ELM06,K,2025-08-04,
101260,Remy,Smith,ELM06,5,2025-08-04,
101261,Hayden,Singh,ELM06,3,2025-08-04,
101262,Rowan,Singh,ELM06,1,2025-08-04,
101263,Rowan,Walker,ELM06,1,2025-08-04,
101264,Kai,Nguyen,ELM06,K,2025-08-04,
101265,Parker,Smith,ELM06,5,2025-08-04,
101266,Avery,Garcia,ELM06,4,2025-08-04,
101267,Reese,Patel,ELM06,4,2025-08-04,
101268,Taylor,Robinson,ELM06,5,2025-08-04,
101269,Taylor,Williams,MID01,8,2025-08-04,
101270,Sage,Hernandez,MID01,6,2025-08-04,
101271,Remy,Thompson,MID01,7,2025-08-04,
101272,Casey,Okafor,MID01,6,2025-08-04,
101273,Riley,Chen,MID01,6,2025-08-04,
101274,Micah,Garcia,MID01,8,2025-08-04,
101275,Sage,Smith,MID01,6,2025-08-04,
101276,Reese,Walker,MID01,7,2025-08-04,
101277,Elliot,Ali,MID01,7,2025-08-04,
101278,Hayden,Okafor,MID01,6,2025-08-04,
101279,Sage,Johnson,MID01,8,2025-08-04,
101280,Avery,Garcia,MID01,6,2025-08-04,
101281,Skyler,Davis,MID01,8,2025-08-04,
101282,Sawyer,Jones,MID01,8,2025-08-04,
101283,Emerson,Jones,MID01,6,2025-08-04,
101284,Finley,Hernandez,MID01,8,2025-08-04,
101285,Dakota,Patel,MID01,7,2025-08-04,
101286,Reese,Reyes,MID01,7,2025-08-04,
101287,Casey,Kim,MID01,6,2025-08-04,
101288,Rowan,Carter,MID01,8,2025-08-04,
101289,Skyler,Singh,MID01,8,2025-08-04,
101290,Parker,Davis,MID01,6,2025-08-04,
101291,Avery,Garcia,MID01,6,2025-08-04,
101292,Remy,Patel,MID01,7,2025-08-04,
101293,Kai,Lopez,MID01,8,2025-08-04,
101294,Remy,Carter,MID01,8,2025-08-04,
101295,Quinn,Johnson,MID01,6,2025-08-04,
101296,Finley,Smith,MID01,8,2025-08-04,
101297,Sage,Rivera,MID01,8,2025-08-04,
101298,Reese,Okafor,MID01,6,2025-08-04,
101299,Jordan,Diaz,MID01,8,2025-08-04,
101300,Morgan,Singh,MID01,8,2025-08-04,
101301,Morgan,Johnson,MID01,8,2025-08-04,
101302,Taylor,Smith,MID01,6,2025-08-04,
101303,Sawyer,Smith,MID01,6,2025-08-04,
101304,Reese,Ali,MID01,7,2025-08-04,
101305,Riley,Jones,MID01,8,2025-08-04,
101306,Rowan,Davis,MID01,6,2025-08-04,
101307,Morgan,Patel,MID01,8,2025-08-04,
101308,Dakota,Brown,MID01,6,2025-08-04,
101309,Elliot,Nguyen,MID01,6,2025-08-04,
101310,Jordan,Kim,MID01,6,2025-08-04,
101311,Kai,Brown,MID01,8,2025-08-04,
101312,Kai,Nguyen,MID01,6,2025-08-04,
101313,Elliot,Brown,MID01,7,2025-08-04,
101314,Finley,Nguyen,MID01,7,2025-08-04,
101315,Finley,Carter,MID01,7,2025-08-04,
101316,Avery,Smith,MID01,7,2025-08-04,
101317,Kai,Diaz,MID01,6,2025-08-04,
101318,Casey,Carter,MID01,8,2025-08-04,
101319,Skyler,Chen,MID01,7,2025-08-04,
101320,Micah,Jones,MID01,8,2025-08-04,2026-02-14
101321,Rowan,Reyes,MID01,8,2025-08-04,
101322,Jordan,Davis,MID01,7,2025-08-04,
101323,Finley,Carter,MID01,6,2025-08-04,
101324,Parker,Brown,MID01,8,2025-08-04,
101325,Jordan,Martinez,MID01,7,2025-08-04,
101326,Elliot,Lopez,MID01,6,2025-08-04,
101327,Casey,Thompson,MID01,8,2025-08-04,
101328,Emerson,Martinez,MID01,6,2025-08-04,
101329,Dakota,Reyes,MID01,6,2025-08-04,
101330,Sawyer,Davis,MID01,6,2025-11-05,
101331,Morgan,Brown,MID01,6,2025-08-04,
101332,Elliot,Carter,MID01,6,2025-08-04,
101333,Dakota,Garcia,MID01,8,2025-08-04,
101334,Remy,Singh,MID01,6,2025-08-04,
101335,Reese,Chen,MID01,7,2025-08-04,
101336,Rowan,Diaz,MID01,6,2025-08-04,
101337,Blake,Brown,MID01,7,2025-08-04,
101338,Skyler,Johnson,MID01,8,2025-08-04,
101339,Rowan,Hernandez,MID01,8,2025-08-04,
101340,Kai,Rivera,MID01,6,2025-08-04,
101341,Emerson,Walker,MID01,8,2025-08-04,
101342,Finley,Nguyen,MID01,8,2025-08-04,
101343,Rowan,Martinez,MID01,6,2025-08-04,
101344,Tatum,Singh,MID01,6,2025-08-04,
101345,Emerson,Reyes,MID01,6,2025-08-04,
101346,Sage,Johnson,MID01,6,2025-08-04,
101347,Emerson,Davis,MID01,7,2025-08-04,
101348,Rowan,Chen,MID01,7,2025-08-04,
101349,Blake,Smith,MID01,6,2025-08-04,
101350,Emerson,Williams,MID01,8,2025-08-04,
101351,Avery,Davis,MID01,6,2025-08-04,
101352,Skyler,Williams,MID01,6,2025-08-04,
101353,Remy,Lopez,MID01,7,2025-08-04,
101354,Kai,Garcia,MID01,7,2025-08-04,
101355,Casey,Kim,MID01,6,2025-08-04,
101356,Kai,Diaz,MID01,7,2025-08-04,
101357,Reese,Thompson,MID01,8,2025-08-04,
101358,Dakota,Patel,MID01,6,2025-10-28,
101359,Dakota,Patel,MID01,7,2025-08-04,
101360,Sawyer,Brown,MID01,8,2025-08-04,
101361,Casey,Patel,MID01,7,2025-08-04,
101362,Finley,Smith,MID01,8,2025-08-04,
101363,Sage,Chen,MID01,6,2025-08-04,
101364,Quinn,Chen,MID01,7,2025-08-04,
101365,Micah,Carter,MID01,8,2025-08-04,
101366,Noel,Rivera,MID01,6,2025-08-04,
101367,Parker,Williams,MID01,6,2025-08-04,
101368,Remy,Rivera,MID01,8,2025-09-22,
101369,Sawyer,Lopez,MID01,6,2025-10-21,
101370,Parker,Nguyen,MID01,8,2025-08-04,
101371,Sage,Chen,MID01,7,2025-08-04,
101372,Quinn,Davis,MID01,8,2025-08-04,
101373,Remy,Davis,MID01,6,2025-08-04,
101374,Morgan,Smith,MID01,7,2025-08-04,
101375,Parker,Hernandez,MID01,6,2025-08-04,
101376,Morgan,Hernandez,MID01,7,2025-08-04,
101377,Rowan,Williams,MID01,8,2025-08-04,
101378,Reese,Ali,MID01,6,2025-08-04,2026-01-09
101379,Reese,Chen,MID01,6,2025-08-04,2025-09-12
101380,Hayden,Ali,MID01,8,2025-08-04,
101381,Skyler,Brown,MID01,6,2025-08-04,
101382,Finley,Ali,MID01,6,2025-08-04,
101383,Morgan,Okafor,MID01,8,2025-08-04,
101384,Riley,Reyes,MID01,8,2025-08-04,
101385,Skyler,Robinson,MID01,8,2025-08-04,
101386,Parker,Davis,MID01,6,2025-08-04,
101387,Elliot,Jones,MID01,6,2025-08-04,
101388,Riley,Smith,MID01,8,2025-08-04,
101389,Blake,Chen,MID01,7,2025-08-04,
101390,Kai,Carter,MID01,6,2025-08-04,
101391,Tatum,Thompson,MID01,8,2025-08-04,
101392,Taylor,Patel,MID01,8,2025-08-04,
101393,Quinn,Chen,MID01,6,2025-08-04,
101394,Kai,Jones,MID01,8,2025-08-04,
101395,Dakota,Nguyen,MID01,6,2025-08-04,
101396,Taylor,Smith,MID01,6,2025-08-04,
101397,Avery,Davis,MID01,6,2025-08-04,
101398,Elliot,Rivera,MID01,8,2025-09-13,
101399,Quinn,Nguyen,MID01,6,2025-08-04,
101400,Finley,Walker,MID01,7,2025-08-04,
101401,Noel,Patel,MID01,8,2025-08-04,
101402,Reese,Reyes,MID01,8,2025-08-04,
101403,Skyler,Williams,MID01,7,2025-08-04,
101404,Kai,Martinez,MID01,7,2025-08-04,
101405,Sage,Ali,MID01,7,2025-08-04,
101406,Sawyer,Reyes,MID01,7,2025-08-04,
101407,Elliot,Garcia,MID01,7,2025-08-04,
101408,Kai,Martinez,MID01,7,2025-08-04,
101409,Hayden,Lopez,MID01,6,2025-08-04,
101410,Sage,Smith,MID01,8,2025-08-04,
101411,Casey,Okafor,MID01,6,2025-08-04,
101412,Avery,Walker,MID01,6,2025-08-04,
101413,Tatum,Robinson,MID01,8,2025-08-04,
101414,Dakota,Davis,MID01,7,2025-08-04,
101415,Tatum,Carter,MID01,8,2025-08-04,
101416,Sawyer,Robinson,MID01,6,2025-08-04,
101417,Elliot,Ali,MID01,8,2025-08-04,
101418,Quinn,Smith,MID01,7,2025-08-04,
101419,Kai,Kim,MID01,8,2025-08-04,
101420,Blake,Walker,MID01,7,2025-08-04,
101421,Morgan,Smith,MID01,7,2025-08-04,
101422,Quinn,Patel,MID01,8,2025-08-04,
101423,Casey,Smith,MID01,6,2025-08-04,
101424,Avery,Johnson,MID01,6,2025-08-04,
101425,Sage,Hernandez,MID01,8,2025-08-04,
101426,Jordan,Chen,MID01,8,2025-08-04,2026-03-17
101427,Parker,Singh,MID01,7,2025-08-04,
101428,Kai,Hernandez,MID01,6,2025-08-04,
101429,Sawyer,Walker,MID01,8,2025-08-04,
101430,Morgan,Kim,MID01,7,2025-08-04,
101431,Rowan,Robinson,MID01,7,2025-08-04,
101432,Remy,Hernandez,MID01,7,2025-08-04,
101433,Quinn,Carter,MID01,6,2025-08-04,
101434,Hayden,Chen,MID01,6,2025-08-04,
101435,Parker,Ali,MID01,7,2025-08-04,
101436,Blake,Lopez,MID01,8,2025-08-04,
101437,Emerson,Nguyen,MID01,7,2025-08-04,
101438,Blake,Smith,MID01,6,2025-08-04,
101439,Riley,Patel,MID01,7,2025-08-04,
101440,Finley,Johnson,MID01,7,2025-08-04,
101441,Reese,Johnson,MID01,6,2025-08-04,
101442,Rowan,Lopez,MID01,7,2025-08-04,
101443,Reese,Thompson,MID01,7,2025-08-04,
101444,Quinn,Garcia,MID01,7,2025-08-04,
101445,Avery,Johnson,MID01,7,2025-08-04,
101446,Emerson,Garcia,MID01,7,2025-08-04,
101447,Emerson,Williams,MID01,6,2025-09-01,
101448,Noel,Chen,MID01,7,2025-08-04,
101449,Micah,Chen,MID01,6,2025-08-04,
101450,Hayden,Smith,MID01,6,2025-08-04,
101451,Sawyer,Nguyen,MID01,7,2025-08-04,
101452,Reese,Nguyen,MID01,7,2025-08-04,
101453,Finley,Thompson,MID01,8,2025-08-04,
101454,Reese,Singh,MID01,7,2025-12-25,
101455,Parker,Chen,MID01,6,2025-08-04,
101456,Riley,Chen,MID01,7,2025-08-04,
101457,Parker,Brown,MID01,7,2025-08-04,
101458,Tatum,Patel,MID01,6,2025-08-04,
101459,Hayden,Garcia,MID01,6,2025-08-04,
101460,Micah,Walker,MID01,6,2025-08-04,
101461,Elliot,Smith,MID01,7,2025-08-04,
101462,Elliot,Smith,MID01,8,2025-08-04,
101463,Reese,Nguyen,MID01,6,2025-08-04,
101464,Sage,Martinez,MID01,8,2025-08-04,2025-09-25
101465,Dakota,Reyes,MID01,8,2025-08-04,
101466,Casey,Kim,MID01,7,2025-08-04,
101467,Blake,Williams,MID01,8,2025-08-04,
101468,Taylor,Diaz,MID01,7,2025-08-04,
101469,Jordan,Rivera,MID01,8,2025-08-04,
101470,Elliot,Reyes,MID01,7,2025-08-04,
101471,Quinn,Williams,MID01,6,2025-08-04,
101472,Micah,Brown,MID01,6,2025-08-04,
101473,Elliot,Williams,MID01,6,2025-08-04,
101474,Sage,Jones,MID01,6,2025-08-04,
101475,Tatum,Patel,MID01,6,2025-08-04,
101476,Parker,Kim,MID01,6,2025-08-04,
101477,Parker,Robinson,MID01,6,2025-08-04,
101478,Remy,Smith,MID01,7,2025-08-04,
101479,Hayden,Robinson,MID01,7,2025-08-04,
101480,Dakota,Brown,MID01,7,2025-08-04,
101481,Remy,Reyes,MID01,8,2025-08-04,
101482,Finley,Ali,MID02,6,2025-08-04,
101483,Sage,Ali,MID02,7,2025-08-04,
101484,Finley,Davis,MID02,8,2025-08-04,
101485,Taylor,Rivera,MID02,7,2025-08-04,
101486,Rowan,Ali,MID02,7,2025-08-04,
101487,Micah,Thompson,MID02,8,2025-08-04,
101488,Avery,Walker,MID02,6,2025-08-04,
101489,Finley,Robinson,MID02,7,2025-08-04,
101490,Kai,Diaz,MID02,7,2025-08-04,
101491,Riley,Patel,MID02,8,2025-08-04,
101492,Taylor,Johnson,MID02,6,2025-08-04,
101493,Sage,Kim,MID02,7,2025-08-04,
101494,Remy,Rivera,MID02,7,2025-08-04,
101495,Reese,Singh,MID02,6,2025-08-04,
101496,Sawyer,Chen,MID02,8,2025-08-04,
101497,Noel,Kim,MID02,7,2025-08-04,
101498,Jordan,Walker,MID02,8,2025-08-04,
101499,Tatum,Patel,MID02,7,2025-08-04,
101500,Taylor,Carter,MID02,8,2025-08-04,
101501,Sage,Robinson,MID02,6,2025-08-04,
101502,Rowan,Patel,MID02,6,2025-08-04,
101503,Emerson,Garcia,MID02,8,2025-08-04,
101504,Hayden,Walker,MID02,8,2025-08-04,
101505,Casey,Williams,MID02,7,2025-08-04,
101506,Parker,Walker,MID02,8,2025-08-04,
101507,Reese,Walker,MID02,8,2025-08-04,
101508,Sawyer,Brown,MID02,7,2025-08-04,
101509,Sawyer,Chen,MID02,7,2025-08-04,
101510,Sawyer,Ali,MID02,7,2025-08-04,
101511,Hayden,Reyes,MID02,7,2025-08-04,
101512,Skyler,Rivera,MID02,6,2025-08-04,
101513,Hayden,Kim,MID02,7,2025-08-04,
101514,Parker,Jones,MID02,7,2025-08-04,
101515,Jordan,Garcia,MID02,8,2025-08-04,
101516,Emerson,Singh,MID02,7,2025-08-04,
101517,Noel,Rivera,MID02,7,2025-08-04,
101518,Avery,Smith,MID02,8,2025-08-04,
101519,Emerson,Okafor,MID02,8,2025-08-04,2025-10-16
101520,Quinn,Garcia,MID02,8,2025-08-04,
101521,Finley,Hernandez,MID02,6,2025-08-04,
101522,Sawyer,Garcia,MID02,8,2025-08-04,
101523,Remy,Rivera,MID02,7,2025-08-04,
101524,Dakota,Johnson,MID02,7,2025-08-04,
101525,Rowan,Chen,MID02,7,2025-08-04,
101526,Casey,Martinez,MID02,6,2025-08-04,
101527,Riley,Carter,MID02,6,2025-08-04,
101528,Avery,Robinson,MID02,7,2025-08-04,
101529,Parker,Williams,MID02,8,2025-08-04,
101530,Elliot,Garcia,MID02,6,2025-08-04,
101531,Hayden,Reyes,MID02,6,2025-08-04,
101532,Blake,Patel,MID02,7,2025-08-04,
101533,Avery,Martinez,MID02,7,2025-08-04,
101534,Skyler,Robinson,MID02,8,2025-08-04,
101535,Emerson,Johnson,MID02,8,2025-08-04,2026-03-26
101536,Quinn,Ali,MID02,8,2025-08-04,
101537,Avery,Carter,MID02,8,2025-08-04,
101538,Sage,Martinez,MID02,8,2025-08-04,
101539,Sage,Reyes,MID02,6,2025-08-04,
101540,Skyler,Patel,MID02,7,2025-08-04,
101541,Rowan,Diaz,MID02,7,2025-08-04,
101542,Reese,Jones,MID02,6,2025-08-04,
101543,Tatum,Davis,MID02,8,2025-08-04,
101544,Taylor,Jones,MID02,6,2025-08-04,
101545,Elliot,Kim,MID02,8,2025-08-04,
101546,Avery,Singh,MID02,8,2025-08-04,
101547,Noel,Hernandez,MID02,8,2025-08-04,2025-12-28
101548,Avery,Singh,MID02,6,2025-08-04,
101549,Reese,Singh,MID02,8,2025-08-04,
101550,Morgan,Walker,MID02,6,2025-08-04,
101551,Reese,Rivera,MID02,7,2025-08-04,
101552,Micah,Davis,MID02,8,2025-08-04,
101553,Tatum,Chen,MID02,7,2025-08-04,
101554,Quinn,Kim,MID02,6,2025-08-04,
101555,Noel,Walker,MID02,7,2025-08-04,
101556,Quinn,Robinson,MID02,7,2025-08-04,
101557,Remy,Kim,MID02,7,2025-08-04,
101558,Quinn,Lopez,MID02,7,2025-08-04,
101559,Casey,Ali,MID02,6,2025-08-04,
101560,Quinn,Davis,MID02,6,2025-08-04,
101561,Taylor,Carter,MID02,8,2025-08-04,
101562,Riley,Thompson,MID02,8,2025-08-04,
101563,Rowan,Jones,MID02,7,2025-08-04,
101564,Jordan,Ali,MID02,8,2025-08-04,
101565,Emerson,Jones,MID02,6,2025-08-04,
101566,Tatum,Williams,MID02,8,2025-08-04,
101567,Kai,Jones,MID02,8,2025-08-04,
101568,Skyler,Diaz,MID02,8,2025-08-04,2026-01-09
101569,Rowan,Brown,MID02,6,2025-08-04,
101570,Morgan,Patel,MID02,8,2025-08-04,
101571,Quinn,Walker,MID02,7,2025-08-04,
101572,Tatum,Smith,MID02,7,2025-08-04,
101573,Noel,Chen,MID02,6,2025-08-04,
101574,Tatum,Carter,MID02,8,2025-08-04,
101575,Emerson,Patel,MID02,8,2025-08-04,
101576,Riley,Martinez,MID02,7,2025-08-04,
101577,Quinn,Garcia,MID02,7,2025-08-04,
101578,Remy,Martinez,MID02,6,2025-08-04,
101579,Blake,Rivera,MID02,8,2025-08-04,
101580,Kai,Diaz,MID02,7,2025-08-04,
101581,Skyler,Chen,MID02,7,2025-08-04,
101582,Reese,Smith,MID02,6,2025-08-04,2025-10-28
101583,Remy,Robinson,MID02,6,2025-08-04,
101584,Tatum,Kim,MID02,6,2025-08-04,
101585,Parker,Johnson,MID02,7,2025-08-04,
101586,Micah,Martinez,MID02,7,2025-08-04,
101587,Riley,Thompson,MID02,8,2025-08-04,
101588,Taylor,Patel,MID02,7,2025-08-04,
101589,Tatum,Robinson,MID02,6,2025-08-04,
101590,Sawyer,Nguyen,MID02,7,2025-08-04,
101591,Parker,Diaz,MID02,6,2025-08-04,
101592,Dakota,Chen,MID02,8,2025-08-04,
101593,Sage,Kim,MID02,8,2025-08-04,
101594,Jordan,Jones,MID02,8,2025-08-04,
101595,Noel,Lopez,MID02,6,2025-08-04,
101596,Jordan,Hernandez,MID02,7,2025-08-04,
101597,Quinn,Diaz,MID02,6,2025-08-04,
101598,Micah,Hernandez,MID02,7,2025-08-04,
101599,Jordan,Okafor,MID02,7,2025-08-04,
101600,Remy,Hernandez,MID02,6,2025-08-04,
101601,Blake,Nguyen,MID02,7,2025-08-04,
101602,Parker,Carter,MID02,7,2025-08-04,
101603,Elliot,Patel,MID02,8,2025-08-04,
101604,Kai,Chen,MID02,8,2025-08-04,
101605,Skyler,Ali,MID02,8,2025-08-04,
101606,Hayden,Rivera,MID02,7,2025-08-04,
101607,Tatum,Johnson,MID02,8,2025-08-04,
101608,Noel,Diaz,MID02,8,2025-08-04,
101609,Kai,Singh,MID02,6,2025-08-04,
101610,Dakota,Chen,MID02,8,2025-08-04,
101611,Quinn,Diaz,MID02,8,2025-08-04,
101612,Tatum,Diaz,MID02,7,2025-08-04,
101613,Micah,Brown,MID02,7,2025-08-04,
101614,Sage,Johnson,MID02,7,2025-08-04,
101615,Elliot,Rivera,MID02,8,2025-08-04,
101616,Quinn,Garcia,MID02,7,2025-08-04,
101617,Quinn,Smith,MID02,8,2025-08-04,
101618,Noel,Diaz,MID02,7,2025-08-04,
101619,Sage,Nguyen,MID02,6,2025-08-04,
101620,Quinn,Patel,MID02,6,2025-08-04,
101621,Quinn,Smith,MID02,7,2025-08-04,
101622,Taylor,Garcia,MID02,7,2025-08-04,
101623,Hayden,Chen,MID02,6,2025-08-04,
101624,Riley,Kim,MID02,6,2025-08-04,
101625,Casey,Jones,MID02,6,2025-08-04,
101626,Sawyer,Chen,MID02,6,2025-08-04,
101627,Tatum,Williams,MID02,8,2025-08-04,
101628,Blake,Garcia,MID02,7,2025-08-04,
101629,Remy,Lopez,MID02,7,2025-08-04,
101630,Elliot,Martinez,MID02,6,2025-08-04,
101631,Casey,Garcia,MID02,7,2025-08-04,
101632,Blake,Smith,MID02,8,2025-08-04,
101633,Blake,Garcia,MID02,6,2025-08-04,2026-04-09
101634,Finley,Thompson,MID02,6,2025-08-04,
101635,Noel,Kim,MID02,8,2025-08-04,
101636,Kai,Diaz,MID02,8,2025-08-04,2025-09-09
101637,Kai,Kim,MID02,6,2025-08-04,
101638,Avery,Patel,MID02,8,2025-08-04,
101639,Jordan,Rivera,MID02,6,2025-08-04,
101640,Hayden,Garcia,MID02,8,2025-08-04,
101641,Tatum,Smith,MID02,6,2025-08-04,
101642,Sawyer,Ali,MID02,8,2025-08-04,2025-12-27
101643,Riley,Singh,MID02,6,2025-08-04,
101644,Kai,Chen,MID02,6,2025-08-04,
101645,Jordan,Rivera,MID02,6,2025-08-04,
101646,Elliot,Jones,MID02,8,2025-08-04,
101647,Taylor,Williams,MID02,8,2025-08-04,
101648,Avery,Patel,MID02,7,2025-08-04,
101649,Rowan,Robinson,MID02,6,2025-08-04,
101650,Casey,Kim,MID02,8,2025-08-04,
101651,Riley,Williams,MID02,6,2025-08-04,
101652,Blake,Nguyen,MID02,6,2025-08-04,
101653,Sawyer,Smith,MID02,8,2025-08-04,
101654,Hayden,Johnson,MID02,6,2025-08-04,
101655,Tatum,Williams,MID02,7,2025-08-04,
101656,Elliot,Okafor,MID02,7,2025-08-04,
101657,Avery,Singh,MID02,8,2025-08-04,
101658,Noel,Diaz,MID02,8,2025-08-04,
101659,Jordan,Carter,MID02,7,2025-08-04,
101660,Noel,Walker,MID02,6,2025-08-04,
101661,Tatum,Kim,MID02,8,2025-08-04,
101662,Riley,Williams,MID02,6,2025-08-04,
101663,Avery,Walker,MID02,6,2025-08-04,
101664,Micah,Thompson,MID02,6,2025-08-04,
101665,Skyler,Okafor,MID02,8,2025-08-04,
101666,Riley,Garcia,MID02,7,2025-08-04,
101667,Skyler,Williams,MID02,8,2025-08-04,
101668,Emerson,Rivera,MID02,8,2025-08-04,
101669,Tatum,Rivera,MID02,7,2025-08-04,
101670,Rowan,Thompson,MID02,6,2025-08-04,
101671,Finley,Patel,MID03,6,2025-08-04,
101672,Finley,Thompson,MID03,8,2025-08-04,
101673,Dakota,Singh,MID03,6,2025-08-04,
101674,Micah,Jones,MID03,7,2025-08-04,
101675,Noel,Garcia,MID03,8,2025-08-04,
101676,Jordan,Diaz,MID03,6,2025-08-04,
101677,Avery,Lopez,MID03,7,2025-08-04,
101678,Rowan,Walker,MID03,6,2025-08-04,
101679,Jordan,Chen,MID03,6,2025-08-04,
101680,Finley,Reyes,MID03,7,2025-08-04,
101681,Casey,Martinez,MID03,7,2025-08-04,
101682,Sawyer,Thompson,MID03,6,2025-08-04,
101683,Skyler,Singh,MID03,8,2025-08-04,
101684,Morgan,Carter,MID03,8,2025-08-04,
101685,Riley,Walker,MID03,6,2025-08-04,
101686,Finley,Ali,MID03,6,2025-08-04,
101687,Avery,Singh,MID03,8,2025-08-04,
101688,Emerson,Garcia,MID03,7,2025-08-04,
101689,Taylor,Kim,MID03,8,2025-08-04,
101690,Casey,Rivera,MID03,7,2025-08-04,
101691,Remy,Hernandez,MID03,7,2025-08-04,
101692,Tatum,Reyes,MID03,7,2025-08-04,
101693,Reese,Hernandez,MID03,6,2025-08-04,
101694,Remy,Smith,MID03,6,2025-08-04,
101695,Parker,Smith,MID03,8,2025-08-04,
101696,Reese,Garcia,MID03,8,2025-08-04,
101697,Kai,Singh,MID03,8,2025-08-04,
101698,Dakota,Smith,MID03,7,2025-08-04,
101699,Skyler,Davis,MID03,7,2025-08-04,
101700,Jordan,Kim,MID03,7,2025-08-04,
101701,Sawyer,Walker,MID03,8,2025-08-04,
101702,Morgan,Davis,MID03,8,2025-08-04,
101703,Hayden,Okafor,MID03,8,2025-08-04,
101704,Quinn,Nguyen,MID03,8,2025-08-04,
101705,Blake,Hernandez,MID03,7,2025-08-04,
101706,Casey,Hernandez,MID03,8,2025-08-29,
101707,Hayden,Walker,MID03,7,2025-08-04,
101708,Micah,Nguyen,MID03,8,2025-08-04,
101709,Remy,Thompson,MID03,6,2025-08-04,
101710,Kai,Okafor,MID03,7,2025-08-04,
101711,Sawyer,Jones,MID03,6,2025-08-04,
101712,Blake,Reyes,MID03,7,2025-08-04,
101713,Reese,Chen,MID03,8,2025-11-02,
101714,Sawyer,Martinez,MID03,8,2025-08-04,
101715,Finley,Chen,MID03,8,2025-08-04,
101716,Kai,Reyes,MID03,8,2025-08-04,
101717,Avery,Rivera,MID03,8,2025-08-04,
101718,Tatum,Rivera,MID03,7,2025-08-04,
101719,Quinn,Robinson,MID03,8,2025-08-04,
101720,Jordan,Walker,MID03,8,2025-08-04,
101721,Riley,Garcia,MID03,8,2025-08-04,
101722,Reese,Reyes,MID03,7,2025-08-04,
101723,Quinn,Brown,MID03,7,2025-08-04,2025-10-20
101724,Taylor,Martinez,MID03,6,2025-08-04,
101725,Taylor,Lopez,MID03,7,2025-08-04,
101726,Blake,Carter,MID03,8,2025-08-04,
101727,Micah,Hernandez,MID03,7,2025-08-04,
101728,Dakota,Davis,MID03,7,2025-08-04,
101729,Emerson,Garcia,MID03,8,2025-08-04,
101730,Casey,Okafor,MID03,7,2025-08-04,
101731,Parker,Davis,MID03,6,2025-08-04,
101732,Reese,Patel,MID03,7,2025-08-04,
101733,Micah,Chen,MID03,7,2025-08-04,
101734,Noel,Okafor,MID03,7,2025-08-04,
101735,Reese,Davis,MID03,8,2025-08-04,
101736,Noel,Chen,MID03,6,2025-08-04,
101737,Dakota,Smith,MID03,7,2025-08-04,
101738,Parker,Lopez,MID03,7,2025-08-04,
101739,Morgan,Jones,MID03,7,2025-08-04,
101740,Rowan,Davis,MID03,7,2025-08-04,
101741,Kai,Johnson,MID03,6,2025-08-04,
101742,Reese,Thompson,MID03,6,2025-08-04,
101743,Rowan,Ali,MID03,6,2025-08-04,
101744,Parker,Martinez,MID03,7,2025-08-04,
101745,Micah,Diaz,MID03,6,2025-08-04,
101746,Remy,Walker,MID03,8,2025-08-04,
101747,Emerson,Walker,MID03,6,2025-08-04,
101748,Blake,Garcia,MID03,8,2025-08-04,
101749,Reese,Smith,MID03,7,2025-08-04,
101750,Riley,Chen,MID03,8,2025-08-04,
101751,Tatum,Martinez,MID03,6,2025-08-04,
101752,Riley,Martinez,MID03,7,2025-08-04,
101753,Noel,Ali,MID03,7,2025-08-04,
101754,Skyler,Kim,MID03,6,2025-08-04,
101755,Tatum,Hernandez,MID03,7,2025-08-04,
101756,Blake,Okafor,MID03,7,2025-08-04,
101757,Skyler,Hernandez,MID03,7,2025-08-04,
101758,Reese,Ali,MID03,7,2025-08-04,
101759,Sage,Smith,MID03,6,2025-08-04,
101760,Noel,Garcia,MID03,8,2025-08-04,
101761,Micah,Williams,MID03,7,2025-08-04,
101762,Emerson,Nguyen,MID03,7,2025-08-04,
101763,Casey,Thompson,MID03,8,2025-08-04,
101764,Hayden,Thompson,MID03,7,2025-08-04,
101765,Rowan,Brown,MID03,8,2025-08-04,
101766,Elliot,Reyes,MID03,8,2025-08-04,
101767,Avery,Martinez,MID03,8,2025-08-04,
101768,Elliot,Williams,MID03,7,2025-08-04,
101769,Sawyer,Jones,MID03,8,2025-08-04,
101770,Sawyer,Rivera,MID03,7,2025-08-04,
101771,Elliot,Reyes,MID03,7,2025-08-04,
101772,Quinn,Garcia,MID03,6,2025-08-04,
101773,Parker,Lopez,MID03,6,2025-08-04,
101774,Jordan,Williams,MID03,6,2025-08-04,
101775,Avery,Johnson,MID03,7,2025-08-04,
101776,Jordan,Johnson,MID03,7,2025-08-04,2025-12-24
101777,Remy,Carter,MID03,6,2025-08-04,
101778,Reese,Brown,MID03,8,2025-08-04,
101779,Finley,Johnson,MID03,8,2025-08-04,
101780,Kai,Johnson,MID03,6,2025-08-04,
101781,Parker,Brown,MID03,7,2025-08-04,
101782,Tatum,Diaz,MID03,6,2025-08-04,
101783,Morgan,Diaz,MID03,7,2025-08-04,
101784,Morgan,Johnson,MID03,8,2025-08-04,
101785,Reese,Reyes,MID03,6,2025-10-31,
101786,Dakota,Kim,MID03,7,2025-08-04,
101787,Reese,Okafor,MID03,6,2025-08-04,
101788,Emerson,Okafor,MID03,7,2025-08-04,
101789,Remy,Reyes,MID03,7,2025-08-04,
101790,Morgan,Thompson,MID03,7,2025-08-04,
101791,Reese,Reyes,MID03,6,2025-08-04,
101792,Parker,Nguyen,MID03,8,2025-08-04,
101793,Reese,Smith,MID03,6,2025-08-04,
101794,Kai,Kim,MID03,8,2025-08-04,
101795,Hayden,Brown,MID03,7,2025-08-04,
101796,Morgan,Garcia,MID03,8,2025-08-04,
101797,Dakota,Kim,MID03,7,2025-08-04,
101798,Finley,Martinez,MID03,6,2025-08-04,2025-12-30
101799,Micah,Chen,MID03,8,2025-08-04,
101800,Skyler,Singh,MID03,6,2025-08-04,
101801,Riley,Walker,MID03,7,2025-08-04,
101802,Skyler,Chen,MID03,8,2025-08-04,
101803,Quinn,Jones,MID03,8,2025-08-04,
101804,Hayden,Williams,MID03,6,2025-08-04,
101805,Finley,Thompson,MID03,7,2025-08-04,
101806,Elliot,Brown,MID03,8,2025-08-04,
101807,Tatum,Nguyen,MID03,6,2025-08-04,
101808,Dakota,Lopez,MID03,7,2025-08-04,
101809,Finley,Chen,MID03,7,2025-08-04,
101810,Hayden,Brown,MID03,8,2025-08-04,
101811,Dakota,Williams,MID03,8,2025-08-04,
101812,Casey,Lopez,MID03,7,2025-08-04,
101813,Morgan,Kim,MID03,7,2025-08-04,
101814,Remy,Carter,MID03,6,2025-08-04,
101815,Riley,Ali,MID03,8,2025-08-04,
101816,Noel,Brown,MID03,7,2025-08-04,
101817,Micah,Smith,MID03,7,2025-08-04,
101818,Emerson,Brown,MID03,7,2025-08-04,
101819,Tatum,Rivera,MID03,8,2025-08-04,
101820,Blake,Johnson,MID03,8,2025-08-04,
101821,Avery,Singh,MID03,8,2025-08-04,
101822,Reese,Ali,MID03,8,2025-08-04,
101823,Reese,Martinez,MID03,8,2025-08-04,
101824,Skyler,Jones,MID03,7,2025-08-04,
101825,Rowan,Robinson,MID03,7,2025-08-04,
101826,Tatum,Smith,MID03,8,2025-08-04,
101827,Parker,Okafor,MID03,8,2025-08-04,
101828,Rowan,Garcia,MID03,7,2025-08-04,
101829,Finley,Rivera,MID03,8,2025-08-04,
101830,Jordan,Ali,MID03,8,2025-08-04,
101831,Dakota,Johnson,MID03,6,2025-08-04,
101832,Tatum,Carter,MID03,8,2025-08-04,
101833,Avery,Rivera,MID03,7,2025-08-04,
101834,Avery,Johnson,MID03,8,2025-08-04,
101835,Kai,Nguyen,MID03,7,2025-08-04,
101836,Kai,Chen,MID03,8,2025-08-04,
101837,Morgan,Singh,MID03,7,2025-08-04,
101838,Reese,Jones,MID03,8,2025-08-04,
101839,Taylor,Walker,MID03,7,2025-08-04,
101840,Avery,Smith,MID03,8,2025-08-04,
101841,Remy,Johnson,MID03,8,2025-08-04,
101842,Morgan,Okafor,MID03,7,2025-08-04,
101843,Riley,Walker,MID03,8,2025-08-04,
101844,Jordan,Martinez,MID03,8,2025-08-04,
101845,Riley,Jones,MID03,8,2025-08-04,
101846,Sawyer,Brown,MID03,6,2025-08-04,
101847,Sawyer,Davis,MID03,6,2025-08-04,
101848,Dakota,Smith,MID03,7,2025-08-04,
101849,Rowan,Diaz,MID03,8,2025-08-04,
101850,Reese,Nguyen,MID03,8,2025-08-04,
101851,Sage,Lopez,MID03,7,2025-08-04,
101852,Dakota,Robinson,MID03,7,2025-08-04,
101853,Remy,Nguyen,MID03,7,2025-08-04,
101854,Morgan,Thompson,MID03,6,2025-08-04,
101855,Sawyer,Walker,MID03,6,2025-08-04,
101856,Jordan,Lopez,MID03,7,2025-08-04,
101857,Riley,Williams,HIG01,12,2025-08-04,
101858,Sage,Jones,HIG01,10,2025-08-04,
101859,Taylor,Brown,HIG01,9,2025-08-04,
101860,Micah,Carter,HIG01,10,2025-08-04,
101861,Avery,Walker,HIG01,12,2025-08-04,
101862,Jordan,Carter,HIG01,11,2025-09-22,
101863,Elliot,Kim,HIG01,9,2025-08-04,
101864,Jordan,Hernandez,HIG01,12,2025-08-04,
101865,Reese,Carter,HIG01,11,2025-08-04,
101866,Quinn,Rivera,HIG01,9,2025-08-04,
101867,Dakota,Chen,HIG01,10,2025-08-04,
101868,Elliot,Walker,HIG01,9,2025-08-04,
101869,Remy,Chen,HIG01,9,2025-08-04,
101870,Kai,Carter,HIG01,12,2025-08-04,
101871,Blake,Johnson,HIG01,12,2025-08-04,
101872,Casey,Williams,HIG01,10,2025-08-04,
101873,Avery,Lopez,HIG01,12,2025-08-04,
101874,Sawyer,Ali,HIG01,10,2025-08-04,
101875,Avery,Garcia,HIG01,10,2025-08-04,
101876,Taylor,Kim,HIG01,11,2025-08-04,
101877,Casey,Smith,HIG01,11,2025-08-04,
101878,Skyler,Ali,HIG01,11,2025-08-04,
101879,Jordan,Reyes,HIG01,11,2025-08-04,
101880,Skyler,Diaz,HIG01,10,2025-08-04,
101881,Quinn,Hernandez,HIG01,10,2025-08-04,
101882,Reese,Garcia,HIG01,9,2025-08-04,
101883,Dakota,Singh,HIG01,10,2025-08-04,
101884,Avery,Jones,HIG01,9,2025-08-04,
101885,Micah,Reyes,HIG01,12,2025-08-04,
101886,Finley,Okafor,HIG01,10,2025-08-04,
101887,Remy,Rivera,HIG01,11,2025-08-04,
101888,Micah,Kim,HIG01,9,2025-08-04,
101889,Tatum,Kim,HIG01,11,2025-08-04,
101890,Riley,Reyes,HIG01,10,2025-08-04,
101891,Micah,Rivera,HIG01,12,2025-08-04,
101892,Sawyer,Thompson,HIG01,11,2025-08-04,
101893,Taylor,Davis,HIG01,11,2025-08-04,
101894,Casey,Singh,HIG01,12,2025-08-04,
101895,Casey,Chen,HIG01,9,2025-08-04,
101896,Morgan,Ali,HIG01,10,2025-08-04,
101897,Kai,Brown,HIG01,12,2025-08-04,
101898,Skyler,Thompson,HIG01,12,2025-08-04,2025-10-25
101899,Micah,Okafor,HIG01,9,2025-08-04,
101900,Quinn,Nguyen,HIG01,11,2025-08-04,
101901,Finley,Reyes,HIG01,12,2025-08-04,
101902,Casey,Chen,HIG01,11,2025-08-04,
101903,Micah,Patel,HIG01,9,2025-08-04,
101904,Avery,Carter,HIG01,9,2025-08-04,
101905,Casey,Rivera,HIG01,11,2025-08-04,
101906,Taylor,Rivera,HIG01,11,2025-08-04,
101907,Blake,Robinson,HIG01,9,2025-08-04,
101908,Finley,Carter,HIG01,10,2025-08-04,
101909,Sawyer,Carter,HIG01,9,2025-08-04,
101910,Taylor,Smith,HIG01,12,2025-08-04,
101911,Reese,Singh,HIG01,11,2025-08-04,
101912,Finley,Davis,HIG01,12,2025-08-04,
101913,Reese,Okafor,HIG01,12,2025-08-04,
101914,Elliot,Smith,HIG01,12,2025-08-04,
101915,Quinn,Kim,HIG01,9,2025-08-04,
101916,Kai,Smith,HIG01,10,2025-08-04,
101917,Kai,Robinson,HIG01,11,2025-08-04,
101918,Micah,Martinez,HIG01,9,2025-08-04,
101919,Dakota,Williams,HIG01,9,2025-08-04,
101920,Morgan,Walker,HIG01,10,2025-08-04,
101921,Morgan,Williams,HIG01,9,2025-08-04,
101922,Morgan,Diaz,HIG01,9,2025-08-04,
101923,Casey,Rivera,HIG01,12,2025-08-04,
101924,Parker,Johnson,HIG01,9,2025-08-04,
101925,Parker,Rivera,HIG01,12,2025-08-04,
101926,Reese,Davis,HIG01,9,2025-08-04,
101927,Finley,Williams,HIG01,10,2025-08-04,
101928,Dakota,Carter,HIG01,11,2025-08-04,
101929,Riley,Martinez,HIG01,11,2025-08-04,
101930,Casey,Kim,HIG01,9,2025-08-04,
101931,Noel,Diaz,HIG01,12,2025-08-04,
101932,Dakota,Hernandez,HIG01,9,2025-08-04,
101933,Rowan,Walker,HIG01,11,2025-08-04,
101934,Micah,Reyes,HIG01,11,2025-08-04,
101935,Taylor,Johnson,HIG01,9,2025-08-04,
101936,Hayden,Reyes,HIG01,10,2025-08-04,
101937,Hayden,Singh,HIG01,11,2025-08-04,
101938,Blake,Walker,HIG01,11,2025-08-04,
101939,Avery,Singh,HIG01,11,2025-08-04,
101940,Avery,Thompson,HIG01,11,2025-08-04,2026-02-24
101941,Taylor,Martinez,HIG01,10,2025-08-04,
101942,Kai,Carter,HIG01,12,2025-08-04,
101943,Reese,Lopez,HIG01,9,2025-08-04,
101944,Micah,Martinez,HIG01,12,2025-08-04,
101945,Elliot,Walker,HIG01,9,2025-08-04,
101946,Skyler,Johnson,HIG01,10,2025-08-04,
101947,Skyler,Thompson,HIG01,9,2025-08-04,
101948,Tatum,Reyes,HIG01,9,2025-08-04,
101949,Elliot,Diaz,HIG01,10,2025-08-04,
101950,Avery,Patel,HIG01,9,2025-08-04,
101951,Quinn,Hernandez,HIG01,9,2025-08-04,
101952,Hayden,Okafor,HIG01,10,2025-08-04,
101953,Noel,Martinez,HIG01,11,2025-08-04,
101954,Kai,Kim,HIG01,10,2025-08-04,
101955,Remy,Lopez,HIG01,12,2025-08-04,
101956,Jordan,Patel,HIG01,9,2025-08-04,
101957,Taylor,Ali,HIG01,9,2025-08-04,
101958,Jordan,Singh,HIG01,11,2025-08-04,
101959,Dakota,Patel,HIG01,9,2025-08-04,
101960,Finley,Walker,HIG01,11,2025-08-04,
101961,Quinn,Garcia,HIG01,10,2025-08-04,
101962,Quinn,Robinson,HIG01,11,2025-08-04,2025-09-20
101963,Taylor,Johnson,HIG01,9,2025-08-04,
101964,Jordan,Walker,HIG01,11,2025-08-04,2025-09-23
101965,Emerson,Hernandez,HIG01,12,2025-08-04,
101966,Noel,Diaz,HIG01,10,2025-08-04,
101967,Parker,Rivera,HIG01,11,2025-08-04,
101968,Elliot,Lopez,HIG01,10,2025-08-04,
101969,Tatum,Jones,HIG01,11,2025-08-04,
101970,Jordan,Jones,HIG01,9,2025-08-04,
101971,Dakota,Ali,HIG01,9,2025-08-04,
101972,Reese,Rivera,HIG01,12,2025-08-04,
101973,Elliot,Thompson,HIG01,9,2025-08-04,
101974,Parker,Smith,HIG01,12,2025-08-04,2025-12-22
101975,Finley,Rivera,HIG01,9,2025-08-04,
101976,Reese,Brown,HIG01,12,2025-08-04,
101977,Finley,Carter,HIG01,10,2025-11-15,
101978,Riley,Kim,HIG01,12,2025-08-04,
101979,Skyler,Patel,HIG01,12,2025-08-04,
101980,Sawyer,Williams,HIG01,11,2025-08-04,
101981,Finley,Garcia,HIG01,12,2025-08-04,
101982,Blake,Nguyen,HIG01,12,2025-08-04,
101983,Finley,Williams,HIG01,10,2025-08-04,
101984,Casey,Carter,HIG01,9,2025-08-04,
101985,Blake,Davis,HIG01,10,2025-08-04,
101986,Jordan,Garcia,HIG01,10,2025-08-04,
101987,Sawyer,Singh,HIG01,9,2025-08-04,2025-09-08
101988,Parker,Williams,HIG01,12,2025-08-04,
101989,Parker,Ali,HIG01,10,2025-08-04,
101990,Hayden,Brown,HIG01,10,2025-08-04,
101991,Sage,Patel,HIG01,11,2025-08-04,
101992,Remy,Smith,HIG01,10,2025-08-04,
101993,Reese,Robinson,HIG01,11,2025-09-23,
101994,Rowan,Hernandez,HIG01,12,2025-08-04,2026-01-22
101995,Noel,Jones,HIG01,11,2025-08-04,
101996,Taylor,Jones,HIG01,11,2025-08-04,
101997,Kai,Rivera,HIG01,9,2025-08-04,
101998,Casey,Thompson,HIG01,10,2025-08-04,
101999,Finley,Johnson,HIG01,12,2025-08-04,
102000,Rowan,Ali,HIG01,11,2025-08-04,
102001,Emerson,Rivera,HIG01,11,2025-08-04,
102002,Noel,Davis,HIG01,9,2025-08-04,
102003,Elliot,Patel,HIG01,10,2025-10-15,
102004,Skyler,Williams,HIG01,12,2025-08-04,
102005,Reese,Singh,HIG01,10,2025-10-01,
102006,Finley,Okafor,HIG01,10,2025-08-04,
102007,Noel,Singh,HIG01,9,2025-08-04,
102008,Reese,Brown,HIG01,12,2025-08-04,
102009,Reese,Ali,HIG01,9,2025-08-04,
102010,Remy,Chen,HIG01,9,2025-08-04,
102011,Tatum,Brown,HIG01,11,2025-08-04,
102012,Sawyer,Robinson,HIG01,9,2025-08-04,
102013,Rowan,Kim,HIG01,9,2025-08-04,
102014,Skyler,Thompson,HIG01,12,2025-08-04,
102015,Noel,Jones,HIG01,12,2025-08-04,
102016,Dakota,Johnson,HIG01,10,2025-08-04,
102017,Sawyer,Smith,HIG01,9,2025-08-04,
102018,Finley,Carter,HIG01,11,2025-08-04,
102019,Hayden,Okafor,HIG01,10,2025-08-04,
102020,Tatum,Martinez,HIG01,9,2025-08-04,
102021,Hayden,Nguyen,HIG01,11,2025-08-04,
102022,Avery,Johnson,HIG01,10,2025-08-04,
102023,Remy,Thompson,HIG01,11,2025-08-04,
102024,Riley,Brown,HIG01,9,2025-08-04,
102025,Sawyer,Williams,HIG01,11,2025-08-04,
102026,Riley,Williams,HIG01,10,2025-08-04,
102027,Parker,Okafor,HIG01,9,2025-08-04,
102028,Micah,Jones,HIG01,9,2025-08-04,
102029,Finley,Walker,HIG01,11,2025-08-04,
102030,Reese,Carter,HIG01,10,2025-08-04,
102031,Parker,Smith,HIG01,11,2025-08-04,
102032,Sawyer,Nguyen,HIG01,10,2025-08-04,
102033,Sawyer,Patel,HIG01,12,2025-08-04,
102034,Reese,Williams,HIG01,10,2025-08-04,2025-09-07
102035,Kai,Reyes,HIG01,12,2025-08-04,
102036,Jordan,Rivera,HIG01,10,2025-08-04,
102037,Sage,Patel,HIG01,10,2025-08-04,
102038,Quinn,Reyes,HIG01,12,2025-08-04,2026-03-26
102039,Hayden,Okafor,HIG01,11,2025-08-04,
102040,Kai,Lopez,HIG01,12,2025-08-04,
102041,Blake,Brown,HIG01,12,2025-08-04,
102042,Dakota,Martinez,HIG01,9,2025-08-04,
102043,Kai,Smith,HIG01,12,2025-08-04,
102044,Micah,Walker,HIG01,11,2025-08-04,
102045,Finley,Okafor,HIG01,11,2025-08-04,
102046,Skyler,Thompson,HIG01,10,2025-08-04,
102047,Riley,Reyes,HIG01,10,2025-08-04,
102048,Avery,Brown,HIG01,10,2025-08-04,
102049,Noel,Johnson,HIG01,11,2025-08-04,
102050,Elliot,Singh,HIG01,12,2025-08-04,
102051,Blake,Lopez,HIG01,9,2025-08-04,
102052,Taylor,Okafor,HIG01,9,2025-08-04,
102053,Elliot,Reyes,HIG01,9,2025-08-04,
102054,Riley,Diaz,HIG01,10,2025-08-04,
102055,Casey,Johnson,HIG01,11,2025-08-04,
102056,Parker,Brown,HIG01,11,2025-08-04,
102057,Sage,Kim,HIG01,12,2025-08-04,
102058,Remy,Chen,HIG01,12,2025-08-04,
102059,Finley,Lopez,HIG01,9,2025-08-04,
102060,Taylor,Jones,HIG01,10,2025-08-04,
102061,Taylor,Garcia,HIG01,11,2025-08-04,
102062,Sawyer,Thompson,HIG01,11,2025-08-04,
102063,Hayden,Kim,HIG01,9,2025-08-04,
102064,Hayden,Smith,HIG01,9,2025-08-04,
102065,Kai,Martinez,HIG01,11,2025-08-04,
102066,Remy,Okafor,HIG01,11,2025-08-04,
102067,Remy,Brown,HIG01,10,2025-08-04,
102068,Riley,Okafor,HIG01,10,2025-08-04,
102069,Micah,Okafor,HIG01,9,2025-08-04,
102070,Remy,Thompson,HIG01,11,2025-08-04,
102071,Emerson,Thompson,HIG01,12,2025-08-04,
102072,Rowan,Brown,HIG01,12,2025-08-04,
102073,Kai,Nguyen,HIG01,10,2025-08-04,
102074,Elliot,Garcia,HIG01,10,2025-08-04,
102075,Rowan,Martinez,HIG01,12,2025-08-04,
102076,Sage,Patel,HIG01,9,2025-08-04,
102077,Micah,Thompson,HIG01,11,2025-08-04,
102078,Rowan,Kim,HIG01,10,2025-08-04,
102079,Blake,Kim,HIG01,11,2025-08-04,
102080,Morgan,Chen,HIG01,9,2025-08-04,
102081,Riley,Davis,HIG01,11,2025-08-04,
102082,Dakota,Garcia,HIG01,12,2025-08-04,
102083,Riley,Nguyen,HIG01,11,2025-08-04,
102084,Emerson,Thompson,HIG01,9,2025-08-04,
102085,Finley,Diaz,HIG01,10,2025-08-04,
102086,Tatum,Kim,HIG01,10,2025-08-04,
102087,Noel,Garcia,HIG01,10,2025-12-07,
102088,Elliot,Carter,HIG01,10,2025-08-04,
102089,Finley,Chen,HIG01,11,2025-08-04,
102090,Rowan,Diaz,HIG01,10,2025-08-04,
102091,Rowan,Robinson,HIG01,11,2025-08-04,
102092,Reese,Ali,HIG01,11,2025-08-04,
102093,Skyler,Robinson,HIG01,9,2025-08-04,
102094,Reese,Rivera,HIG01,12,2025-08-04,
102095,Quinn,Carter,HIG01,9,2025-08-04,
102096,Dakota,Diaz,HIG01,10,2025-08-04,
102097,Remy,Smith,HIG01,12,2025-08-04,
102098,Skyler,Thompson,HIG01,11,2025-08-04,
102099,Noel,Garcia,HIG01,12,2025-08-04,
102100,Riley,Patel,HIG01,11,2025-08-04,
102101,Rowan,Singh,HIG01,12,2025-08-04,
102102,Blake,Diaz,HIG01,11,2025-08-04,
102103,Blake,Ali,HIG01,12,2025-08-04,
102104,Sawyer,Williams,HIG01,12,2025-08-04,
102105,Dakota,Hernandez,HIG01,11,2025-08-04,
102106,Avery,Diaz,HIG01,12,2025-08-04,
102107,Avery,Smith,HIG01,9,2025-08-04,
102108,Casey,Williams,HIG01,10,2025-08-04,
102109,Sage,Reyes,HIG01,9,2025-08-04,
102110,Remy,Ali,HIG01,9,2025-08-04,
102111,Kai,Lopez,HIG01,12,2025-08-04,
102112,Reese,Rivera,HIG01,11,2025-08-04,
102113,Quinn,Hernandez,HIG01,11,2025-08-04,
102114,Emerson,Nguyen,HIG01,12,2025-08-04,
102115,Sage,Kim,HIG01,12,2025-08-04,
102116,Riley,Carter,HIG01,10,2025-08-04,
102117,Reese,Chen,HIG01,11,2025-08-04,
102118,Skyler,Diaz,HIG01,9,2025-08-04,
102119,Emerson,Walker,HIG01,10,2025-08-04,
102120,Kai,Diaz,HIG01,11,2025-08-04,
102121,Skyler,Kim,HIG01,9,2025-08-04,
102122,Reese,Carter,HIG01,12,2025-08-04,
102123,Casey,Davis,HIG01,11,2025-08-04,
102124,Tatum,Kim,HIG01,12,2025-08-04,
102125,Hayden,Carter,HIG01,11,2025-08-04,
102126,Dakota,Jones,HIG01,12,2025-08-04,
102127,Avery,Patel,HIG01,10,2025-08-04,
102128,Rowan,Rivera,HIG01,11,2025-08-04,
102129,Taylor,Lopez,HIG01,9,2025-08-04,
102130,Dakota,Robinson,HIG01,11,2025-08-04,
102131,Blake,Lopez,HIG01,11,2025-08-04,
102132,Micah,Williams,HIG01,12,2025-08-04,
102133,Casey,Kim,HIG01,11,2025-08-04,
102134,Quinn,Brown,HIG01,10,2025-08-04,
102135,Reese,Smith,HIG01,12,2025-08-04,
102136,Avery,Walker,HIG01,11,2025-08-04,
102137,Sawyer,Brown,HIG01,11,2025-08-04,
102138,Finley,Robinson,HIG01,11,2025-08-04,
102139,Dakota,Walker,HIG01,10,2025-08-04,
102140,Taylor,Thompson,HIG01,10,2025-08-04,
102141,Quinn,Diaz,HIG01,10,2025-08-04,
102142,Taylor,Williams,HIG01,12,2025-08-04,
102143,Hayden,Williams,HIG01,9,2025-08-04,
102144,Micah,Smith,HIG01,9,2025-08-04,
102145,Finley,Singh,HIG01,10,2025-08-04,
102146,Sage,Robinson,HIG01,12,2025-08-04,
102147,Blake,Rivera,HIG01,12,2025-08-04,
102148,Jordan,Okafor,HIG01,11,2025-08-04,
102149,Remy,Johnson,HIG01,9,2025-08-04,
102150,Kai,Ali,HIG01,12,2025-08-04,
102151,Avery,Nguyen,HIG01,9,2025-08-04,
102152,Elliot,Carter,HIG01,11,2025-08-04,
102153,Sawyer,Jones,HIG01,9,2025-10-21,
102154,Sage,Carter,HIG01,12,2025-12-02,
102155,Parker,Rivera,HIG01,11,2025-08-04,
102156,Morgan,Garcia,HIG01,11,2025-08-04,
102157,Parker,Davis,HIG01,9,2025-08-04,
102158,Emerson,Jones,HIG01,11,2025-08-04,
102159,Quinn,Williams,HIG01,11,2025-08-04,
102160,Rowan,Reyes,HIG01,10,2025-08-04,
102161,Jordan,Brown,HIG01,12,2025-08-04,
102162,Sawyer,Ali,HIG01,10,2025-08-04,
102163,Taylor,Kim,HIG01,9,2025-08-04,
102164,Morgan,Okafor,HIG01,11,2025-08-04,
102165,Taylor,Hernandez,HIG01,11,2025-08-04,2025-11-18
102166,Riley,Garcia,HIG01,9,2025-08-04,
102167,Hayden,Singh,HIG01,9,2025-08-04,
102168,Morgan,Carter,HIG01,10,2025-08-04,
102169,Dakota,Williams,HIG01,12,2025-08-04,
102170,Emerson,Singh,HIG01,12,2025-08-04,
102171,Avery,Diaz,HIG01,10,2025-08-04,
102172,Reese,Okafor,HIG02,10,2025-08-04,
102173,Taylor,Singh,HIG02,11,2025-08-04,
102174,Sage,Kim,HIG02,12,2025-08-04,
102175,Finley,Williams,HIG02,10,2025-08-04,
102176,Blake,Smith,HIG02,12,2025-08-04,
102177,Noel,Davis,HIG02,9,2025-08-04,
102178,Dakota,Singh,HIG02,10,2025-08-04,
102179,Kai,Robinson,HIG02,10,2025-08-04,
102180,Emerson,Smith,HIG02,11,2025-08-04,
102181,Elliot,Nguyen,HIG02,12,2025-08-04,
102182,Casey,Garcia,HIG02,12,2025-08-04,
102183,Tatum,Johnson,HIG02,9,2025-08-04,
102184,Hayden,Lopez,HIG02,9,2025-08-04,
102185,Quinn,Garcia,HIG02,10,2025-08-04,
102186,Taylor,Thompson,HIG02,9,2025-08-04,
102187,Jordan,Okafor,HIG02,9,2025-08-04,
102188,Finley,Thompson,HIG02,11,2025-08-04,
102189,Micah,Chen,HIG02,11,2025-08-04,
102190,Sage,Williams,HIG02,11,2025-08-04,
102191,Tatum,Ali,HIG02,11,2025-08-04,
102192,Remy,Robinson,HIG02,10,2025-08-04,
102193,Dakota,Reyes,HIG02,11,2025-08-04,
102194,Finley,Hernandez,HIG02,12,2025-08-04,
102195,Riley,Ali,HIG02,10,2025-08-04,
102196,Morgan,Reyes,HIG02,12,2025-08-04,
102197,Emerson,Davis,HIG02,11,2025-08-04,
102198,Hayden,Okafor,HIG02,12,2025-08-04,
102199,Finley,Robinson,HIG02,9,2025-08-04,
102200,Dakota,Lopez,HIG02,10,2025-08-04,
102201,Avery,Okafor,HIG02,11,2025-08-04,
102202,Tatum,Carter,HIG02,12,2025-08-04,
102203,Morgan,Williams,HIG02,12,2025-08-04,
102204,Dakota,Chen,HIG02,9,2025-08-04,
102205,Dakota,Nguyen,HIG02,9,2025-08-04,2025-11-03
102206,Elliot,Chen,HIG02,12,2025-08-04,
102207,Micah,Carter,HIG02,12,2025-08-04,
102208,Morgan,Hernandez,HIG02,9,2025-08-04,
102209,Tatum,Williams,HIG02,11,2025-08-04,
102210,Hayden,Garcia,HIG02,12,2025-08-04,
102211,Jordan,Carter,HIG02,11,2025-08-04,
102212,Hayden,Williams,HIG02,11,2025-08-04,
102213,Casey,Lopez,HIG02,10,2025-08-04,
102214,Dakota,Walker,HIG02,10,2025-08-04,
102215,Dakota,Johnson,HIG02,11,2025-08-04,
102216,Elliot,Reyes,HIG02,12,2025-08-04,
102217,Skyler,Patel,HIG02,10,2025-08-04,
102218,Avery,Diaz,HIG02,11,2025-08-04,
102219,Rowan,Walker,HIG02,9,2025-08-04,
102220,Sawyer,Singh,HIG02,11,2025-08-04,2026-04-10
102221,Noel,Singh,HIG02,11,2025-08-04,
102222,Quinn,Kim,HIG02,11,2025-08-04,
102223,Remy,Martinez,HIG02,12,2025-08-04,
102224,Quinn,Garcia,HIG02,12,2025-08-04,
102225,Quinn,Chen,HIG02,11,2025-09-12,
102226,Emerson,Kim,HIG02,10,2025-08-04,
102227,Sawyer,Robinson,HIG02,12,2025-08-04,
102228,Micah,Smith,HIG02,9,2025-08-04,2026-01-03
102229,Quinn,Robinson,HIG02,12,2025-08-04,
102230,Quinn,Patel,HIG02,10,2025-08-04,
102231,Rowan,Kim,HIG02,10,2025-08-04,
102232,Skyler,Hernandez,HIG02,9,2025-08-04,
102233,Blake,Davis,HIG02,10,2025-08-04,
102234,Rowan,Lopez,HIG02,10,2025-08-04,
102235,Reese,Diaz,HIG02,10,2025-08-04,
102236,Elliot,Brown,HIG02,10,2025-08-04,
102237,Parker,Garcia,HIG02,11,2025-08-04,
102238,Dakota,Diaz,HIG02,10,2025-08-04,
102239,Jordan,Patel,HIG02,10,2025-08-04,
102240,Noel,Reyes,HIG02,9,2025-08-04,
102241,Dakota,Smith,HIG02,12,2025-08-04,
102242,Sage,Okafor,HIG02,11,2025-08-04,
102243,Skyler,Singh,HIG02,10,2025-08-04,
102244,Rowan,Patel,HIG02,10,2025-08-04,
102245,Riley,Okafor,HIG02,11,2025-08-04,
102246,Blake,Garcia,HIG02,9,2025-08-04,
102247,Hayden,Hernandez,HIG02,12,2025-08-04,
102248,Emerson,Thompson,HIG02,12,2025-08-04,
102249,Rowan,Lopez,HIG02,9,2025-08-04,
102250,Quinn,Rivera,HIG02,11,2025-08-04,
102251,Emerson,Martinez,HIG02,10,2025-08-04,
102252,Skyler,Davis,HIG02,12,2025-08-04,
102253,Jordan,Jones,HIG02,10,2025-08-04,
102254,Blake,Garcia,HIG02,12,2025-08-04,
102255,Parker,Robinson,HIG02,10,2025-08-04,
102256,Dakota,Chen,HIG02,12,2025-08-04,
102257,Noel,Kim,HIG02,9,2025-08-04,
102258,Skyler,Williams,HIG02,11,2025-08-04,
102259,Remy,Jones,HIG02,12,2025-08-04,
102260,Kai,Singh,HIG02,11,2025-08-04,
102261,Kai,Kim,HIG02,12,2025-08-04,2026-04-16
102262,Parker,Johnson,HIG02,12,2025-08-04,
102263,Noel,Singh,HIG02,10,2025-08-04,
102264,Avery,Davis,HIG02,12,2025-08-04,
102265,Noel,Kim,HIG02,11,2025-08-04,
102266,Parker,Smith,HIG02,11,2025-08-04,
102267,Dakota,Rivera,HIG02,12,2025-08-04,
102268,Jordan,Jones,HIG02,12,2025-08-04,
102269,Micah,Jones,HIG02,9,2025-08-04,2026-03-26
102270,Avery,Rivera,HIG02,12,2025-08-04,
102271,Emerson,Diaz,HIG02,10,2025-08-04,
102272,Reese,Johnson,HIG02,11,2025-08-04,
102273,Casey,Kim,HIG02,9,2025-08-04,
102274,Sawyer,Diaz,HIG02,12,2025-08-04,
102275,Taylor,Kim,HIG02,10,2025-08-04,
102276,Riley,Robinson,HIG02,10,2025-08-04,
102277,Micah,Thompson,HIG02,9,2025-08-04,
102278,Taylor,Smith,HIG02,9,2025-08-04,
102279,Jordan,Hernandez,HIG02,10,2025-08-04,
102280,Morgan,Hernandez,HIG02,9,2025-08-04,
102281,Sawyer,Williams,HIG02,12,2025-08-04,
102282,Micah,Garcia,HIG02,11,2025-08-04,
102283,Jordan,Brown,HIG02,9,2025-08-04,
102284,Casey,Kim,HIG02,12,2025-08-04,
102285,Casey,Smith,HIG02,9,2025-08-04,
102286,Dakota,Okafor,HIG02,10,2025-08-04,
102287,Avery,Williams,HIG02,12,2025-08-04,
102288,Noel,Chen,HIG02,11,2025-08-04,
102289,Remy,Diaz,HIG02,9,2025-08-04,2025-10-29
102290,Tatum,Davis,HIG02,10,2025-08-04,
102291,Avery,Rivera,HIG02,10,2025-08-04,
102292,Rowan,Brown,HIG02,10,2025-08-04,
102293,Casey,Diaz,HIG02,10,2025-08-04,
102294,Sage,Hernandez,HIG02,12,2025-08-04,
102295,Dakota,Reyes,HIG02,11,2025-08-04,
102296,Reese,Walker,HIG02,10,2025-08-04,
102297,Elliot,Lopez,HIG02,11,2025-08-04,
102298,Skyler,Lopez,HIG02,10,2025-08-04,
102299,Dakota,Thompson,HIG02,12,2025-08-04,
102300,Rowan,Williams,HIG02,9,2025-08-04,
102301,Noel,Brown,HIG02,9,2025-08-04,
102302,Quinn,Reyes,HIG02,10,2025-08-04,
102303,Noel,Reyes,HIG02,10,2025-08-04,
102304,Morgan,Patel,HIG02,10,2025-08-04,
102305,Avery,Brown,HIG02,12,2025-08-04,
102306,Finley,Garcia,HIG02,9,2025-08-04,
102307,Casey,Rivera,HIG02,10,2025-08-04,
102308,Rowan,Hernandez,HIG02,9,2025-08-04,
102309,Taylor,Diaz,HIG02,10,2025-08-04,
102310,Hayden,Kim,HIG02,10,2025-08-04,
102311,Jordan,Garcia,HIG02,10,2025-08-04,
102312,Sage,Smith,HIG02,10,2025-08-04,
102313,Casey,Walker,HIG02,11,2025-08-04,
102314,Morgan,Hernandez,HIG02,11,2025-08-04,
102315,Taylor,Patel,HIG02,12,2025-08-04,
102316,Micah,Martinez,HIG02,9,2025-08-04,
102317,Hayden,Reyes,HIG02,12,2025-08-04,
102318,Dakota,Smith,HIG02,9,2025-08-04,
102319,Parker,Lopez,HIG02,12,2025-08-04,
102320,Avery,Okafor,HIG02,12,2025-08-04,
102321,Blake,Kim,HIG02,12,2025-08-04,
102322,Tatum,Garcia,HIG02,11,2025-08-04,
102323,Skyler,Hernandez,HIG02,12,2025-08-04,
102324,Dakota,Martinez,HIG02,11,2025-08-04,
102325,Hayden,Okafor,HIG02,12,2025-08-04,
102326,Rowan,Garcia,HIG02,11,2025-08-04,
102327,Casey,Garcia,HIG02,9,2025-08-04,
102328,Dakota,Jones,HIG02,10,2025-08-20,
102329,Jordan,Garcia,HIG02,11,2025-08-04,
102330,Rowan,Chen,HIG02,10,2025-08-04,
102331,Dakota,Davis,HIG02,10,2025-08-04,
102332,Blake,Brown,HIG02,9,2025-08-04,
102333,Sawyer,Williams,HIG02,10,2025-08-04,
102334,Dakota,Lopez,HIG02,9,2025-08-04,
102335,Finley,Diaz,HIG02,9,2025-08-04,
102336,Jordan,Jones,HIG02,12,2025-08-04,
102337,Sawyer,Reyes,HIG02,10,2025-08-04,2025-12-30
102338,Blake,Smith,HIG02,12,2025-08-04,
102339,Avery,Rivera,HIG02,10,2025-08-04,
102340,Kai,Jones,HIG02,12,2025-11-01,
102341,Blake,Lopez,HIG02,10,2025-08-04,
102342,Noel,Garcia,HIG02,9,2025-08-04,
102343,Dakota,Martinez,HIG02,12,2025-08-04,
102344,Sawyer,Robinson,HIG02,10,2025-08-04,
102345,Noel,Garcia,HIG02,9,2025-12-10,
102346,Dakota,Hernandez,HIG02,12,2025-08-04,
102347,Riley,Thompson,HIG02,12,2025-08-04,2026-03-16
102348,Reese,Williams,HIG02,11,2025-08-04,
102349,Finley,Thompson,HIG02,12,2025-08-04,
102350,Hayden,Singh,HIG02,12,2025-08-04,
102351,Morgan,Robinson,HIG02,9,2025-08-04,
102352,Skyler,Robinson,HIG02,11,2025-08-04,
102353,Elliot,Smith,HIG02,10,2025-08-04,
102354,Elliot,Rivera,HIG02,11,2025-08-04,
102355,Reese,Robinson,HIG02,9,2025-10-23,
102356,Rowan,Robinson,HIG02,12,2025-08-04,
102357,Kai,Davis,HIG02,11,2025-08-04,
102358,Avery,Thompson,HIG02,10,2025-08-04,
102359,Skyler,Kim,HIG02,10,2025-08-04,
102360,Morgan,Robinson,HIG02,9,2025-08-04,
102361,Tatum,Thompson,HIG02,12,2025-08-04,
102362,Finley,Garcia,HIG02,9,2025-08-04,
102363,Riley,Ali,HIG02,10,2025-08-04,
102364,Finley,Reyes,HIG02,9,2025-08-04,
102365,Noel,Smith,HIG02,12,2025-08-04,
102366,Remy,Chen,HIG02,12,2025-08-04,
102367,Riley,Garcia,HIG02,12,2025-08-04,
102368,Reese,Smith,HIG02,10,2025-08-04,
102369,Rowan,Davis,HIG02,9,2025-08-04,
102370,Kai,Okafor,HIG02,12,2025-08-04,
102371,Skyler,Reyes,HIG02,12,2025-08-04,
102372,Hayden,Smith,HIG02,12,2025-08-04,
102373,Emerson,Davis,HIG02,11,2025-08-04,
102374,Dakota,Hernandez,HIG02,9,2025-08-04,
102375,Sawyer,Robinson,HIG02,12,2025-08-04,
102376,Casey,Kim,HIG02,12,2025-08-04,
102377,Micah,Singh,HIG02,11,2025-08-04,
102378,Casey,Carter,HIG02,9,2025-08-04,
102379,Noel,Carter,HIG02,12,2025-08-04,
102380,Riley,Singh,HIG02,11,2025-10-03,
102381,Sage,Rivera,HIG02,10,2025-08-04,2026-02-07
102382,Reese,Hernandez,HIG02,10,2025-08-04,
102383,Parker,Okafor,HIG02,12,2025-08-04,
102384,Parker,Nguyen,HIG02,9,2025-08-04,
102385,Reese,Smith,HIG02,9,2025-08-04,
102386,Morgan,Lopez,HIG02,10,2025-08-04,
102387,Elliot,Nguyen,HIG02,10,2025-08-04,
102388,Quinn,Hernandez,HIG02,9,2025-11-10,
102389,Jordan,Carter,HIG02,12,2025-08-04,
102390,Hayden,Chen,HIG02,9,2025-08-04,
102391,Jordan,Kim,HIG02,10,2025-08-04,
102392,Dakota,Lopez,HIG02,9,2025-08-04,
102393,Hayden,Williams,HIG02,11,2025-08-04,
102394,Blake,Lopez,HIG02,11,2025-08-04,
102395,Skyler,Robinson,HIG02,10,2025-08-04,
102396,Taylor,Singh,HIG02,10,2025-08-04,
102397,Reese,Smith,HIG02,11,2025-08-04,
102398,Rowan,Nguyen,HIG02,11,2025-08-04,
102399,Tatum,Hernandez,HIG02,10,2025-08-04,
102400,Elliot,Jones,HIG02,9,2025-08-04,
